id,category,step,executed_at,inputs,outputs,db_location,notes
A0001,research,distribution-modeling/2026-09-23-approach,2026-09-23T21:05:19+00:00,Condor distribution modeling approach,docs/research/distribution-modeling/2026-09-23-approach.md,docs/research/distribution-modeling/2026-09-23-approach.md,
A0002,research,distribution-modeling/2026-09-23-evaluation,2026-09-23T21:05:19+00:00,Distribution forecast evaluation metrics,docs/research/distribution-modeling/2026-09-23-evaluation.md,docs/research/distribution-modeling/2026-09-23-evaluation.md,
A0003,research,distribution-modeling/2026-09-23-model-ladder,2026-09-23T21:16:49+00:00,Candidate model benchmark ladder,docs/research/distribution-modeling/2026-09-23-model-ladder.md,docs/research/distribution-modeling/2026-09-23-model-ladder.md,
A0004,research,distribution-modeling/2026-09-23-ml-dl-transformers,2026-09-23T22:27:30+00:00,"ML, DL and transformer model evidence",docs/research/distribution-modeling/2026-09-23-ml-dl-transformers.md,docs/research/distribution-modeling/2026-09-23-ml-dl-transformers.md,
A0005,acquire,register-source cboe-index,2026-09-24T01:46:47+00:00,--root /home/russell/data/index_options/ob --source  --stream  --mode,4140d62ab11b1f5a40d21d461baaa383313159906cfc1bf91db68fdfcaea411c,/home/russell/data/index_options/ob,connector=cboe
A0006,acquire,register-source cboe-chain,2026-09-24T01:46:48+00:00,--root /home/russell/data/index_options/ob --source  --stream  --mode,24433c8353b910938b386d7aceee2db212639363b3e385f71bcf878d854e750a,/home/russell/data/index_options/ob,connector=cboe
A0007,acquire,backfill cboe-index/index_daily,2026-09-24T01:46:51+00:00,--root /home/russell/data/index_options/ob --source cboe-index --stream index_daily --mode backfill,b50255e32743649749dcab042e80b27ccc9ad752d9b3b95179d58d220698d116,/home/russell/data/index_options/ob,
A0008,acquire,backfill cboe-index/index_daily,2026-09-24T01:46:56+00:00,--root /home/russell/data/index_options/ob --source cboe-index --stream index_daily --mode backfill,,/home/russell/data/index_options/ob,
A0009,acquire,live cboe-chain/option_chain,2026-09-24T01:47:11+00:00,--root /home/russell/data/index_options/ob --source cboe-chain --stream option_chain --mode live,31cd16937a701dbe39e81135d590fefbcb09a6489d91f1debd16a63c33af6ffa,/home/russell/data/index_options/ob,
A0010,acquire,live cboe-chain/option_chain,2026-09-24T01:47:38+00:00,--root /home/russell/data/index_options/ob --source cboe-chain --stream option_chain --mode live,651fbb62d79a10197828f3c07823f111dce62e68314c942da28b80721d84f2af,/home/russell/data/index_options/ob,
A0011,execute,index-options-real-distribution walk-forward,2026-09-24T01:48:34+00:00,index-options-real-distribution,/home/russell/wt/index-options-real-data/children/index_options/pipeline_runs/index-options-real-distribution-walkforward-2026-09-23-f7865f91,/home/russell/wt/index-options-real-data/children/index_options/pipeline_runs/index-options-real-distribution-walkforward-2026-09-23-f7865f91,state=ran folds=32 hash=f7865f91 asof=2026-09-23
A0012,execute,index-options-real-har walk-forward,2026-09-24T01:50:10+00:00,index-options-real-har,/home/russell/wt/index-options-real-data/children/index_options/pipeline_runs/index-options-real-har-walkforward-2026-09-23-f1b764eb,/home/russell/wt/index-options-real-data/children/index_options/pipeline_runs/index-options-real-har-walkforward-2026-09-23-f1b764eb,state=ran folds=32 hash=f1b764eb asof=2026-09-23
A0013,execute,index-options-real-lightgbm walk-forward,2026-09-24T01:53:13+00:00,index-options-real-lightgbm,/home/russell/wt/index-options-real-data/children/index_options/pipeline_runs/index-options-real-lightgbm-walkforward-2026-09-23-be76a7f1,/home/russell/wt/index-options-real-data/children/index_options/pipeline_runs/index-options-real-lightgbm-walkforward-2026-09-23-be76a7f1,state=ran folds=32 hash=be76a7f1 asof=2026-09-23
A0014,execute,index-options-real-distribution walk-forward,2026-09-24T01:53:50+00:00,index-options-real-distribution,/home/russell/wt/index-options-real-data/children/index_options/pipeline_runs/index-options-real-distribution-walkforward-2026-09-23-f7865f91,/home/russell/wt/index-options-real-data/children/index_options/pipeline_runs/index-options-real-distribution-walkforward-2026-09-23-f7865f91,state=ran folds=32 hash=f7865f91 asof=2026-09-23
A0015,execute,index-options-real-vix walk-forward,2026-09-24T01:55:20+00:00,index-options-real-vix,/home/russell/wt/index-options-real-data/children/index_options/pipeline_runs/index-options-real-vix-walkforward-2026-09-23-bd710b86,/home/russell/wt/index-options-real-data/children/index_options/pipeline_runs/index-options-real-vix-walkforward-2026-09-23-bd710b86,state=ran folds=32 hash=bd710b86 asof=2026-09-23
A0016,execute,index-options-real-har-vix walk-forward,2026-09-24T01:55:48+00:00,index-options-real-har-vix,/home/russell/wt/index-options-real-data/children/index_options/pipeline_runs/index-options-real-har-vix-walkforward-2026-09-23-bf591cfc,/home/russell/wt/index-options-real-data/children/index_options/pipeline_runs/index-options-real-har-vix-walkforward-2026-09-23-bf591cfc,state=ran folds=32 hash=bf591cfc asof=2026-09-23
A0017,execute,index-options-real-lightgbm-vix walk-forward,2026-09-24T01:57:53+00:00,index-options-real-lightgbm-vix,/home/russell/wt/index-options-real-data/children/index_options/pipeline_runs/index-options-real-lightgbm-vix-walkforward-2026-09-23-5e36fca8,/home/russell/wt/index-options-real-data/children/index_options/pipeline_runs/index-options-real-lightgbm-vix-walkforward-2026-09-23-5e36fca8,state=ran folds=32 hash=5e36fca8 asof=2026-09-23
A0018,execute,staged plan,2026-09-24T01:58:13+00:00,/home/russell/wt/index-options-real-data/children/index_options/configs/run-real-zoo.json,/home/russell/wt/index-options-real-data/children/index_options/pipeline_runs/index-options-real-zoo-staged-2026-09-23-828fc9a5/stages/plan.json,,stage_token=828fc9a539eb85a5872ef85e30355136f0f8f511815f889b28927b3521bda84b:plan; state=ran; sha256=0feae2e1e1647aa5401878db88a808e82c759cfc4b735bca9d94783df382a5b4; reason=
A0019,execute,staged approval,2026-09-24T01:58:13+00:00,/home/russell/wt/index-options-real-data/children/index_options/configs/run-real-zoo.json,/home/russell/wt/index-options-real-data/children/index_options/pipeline_runs/index-options-real-zoo-staged-2026-09-23-828fc9a5/stages/approval.json,,stage_token=828fc9a539eb85a5872ef85e30355136f0f8f511815f889b28927b3521bda84b:approval; state=ran; sha256=f15193dfbb8c8ae48a3671c83d39d88890c650f3ba15db1cc7a8550463bab5eb; reason=
A0020,execute,staged run,2026-09-24T01:58:13+00:00,/home/russell/wt/index-options-real-data/children/index_options/configs/run-real-zoo.json,/home/russell/wt/index-options-real-data/children/index_options/pipeline_runs/index-options-real-zoo-staged-2026-09-23-828fc9a5/stages/run.json,,stage_token=828fc9a539eb85a5872ef85e30355136f0f8f511815f889b28927b3521bda84b:run; state=ran; sha256=36ed00661c06604ebce6d0791b496ec1d599da52fcc4081ab81d3420f6818fa1; reason=
A0021,execute,staged compare,2026-09-24T01:58:13+00:00,/home/russell/wt/index-options-real-data/children/index_options/configs/run-real-zoo.json,/home/russell/wt/index-options-real-data/children/index_options/pipeline_runs/index-options-real-zoo-staged-2026-09-23-828fc9a5/stages/compare.json,,stage_token=828fc9a539eb85a5872ef85e30355136f0f8f511815f889b28927b3521bda84b:compare; state=ran; sha256=0396204b2df92b892355cb9a1456fb4e6bac33174b1ff6abee1db016221f7853; reason=
A0022,execute,staged plan,2026-09-24T01:58:28+00:00,/home/russell/wt/index-options-real-data/children/index_options/configs/run-real-zoo.json,/home/russell/wt/index-options-real-data/children/index_options/pipeline_runs/index-options-real-zoo-staged-2026-09-23-4f7f4f55/stages/plan.json,,stage_token=4f7f4f55d0cb1b43e1a1b65509891350ee9eb0494dd0ef10db8521f6947139de:plan; state=ran; sha256=a14abb9af6c4a8949a9e90f33697e555b1d07b82830a0405f6921bcba7c68759; reason=
A0023,execute,staged approval,2026-09-24T01:58:28+00:00,/home/russell/wt/index-options-real-data/children/index_options/configs/run-real-zoo.json,/home/russell/wt/index-options-real-data/children/index_options/pipeline_runs/index-options-real-zoo-staged-2026-09-23-4f7f4f55/stages/approval.json,,stage_token=4f7f4f55d0cb1b43e1a1b65509891350ee9eb0494dd0ef10db8521f6947139de:approval; state=ran; sha256=6922e24502f600cd11965b9fe9e32c29bd9a1a27f73377946ac4f902b32e95a3; reason=
A0024,execute,staged run,2026-09-24T01:58:28+00:00,/home/russell/wt/index-options-real-data/children/index_options/configs/run-real-zoo.json,,,stage_token=4f7f4f55d0cb1b43e1a1b65509891350ee9eb0494dd0ef10db8521f6947139de:run; state=error; reason=ValueError: walk-forward summary dir /home/russell/wt/index-options-real-data/children/index_options/pipeline_runs/index-options-real-distribution-walkforward-2026-09-23-f7865f91 already exists and is not empty — same name+asof+identity means this exact evaluation already happened; remove it deliberately to repeat
A0025,acquire,register-source cboe-chain-wide,2026-09-24T02:00:58+00:00,--root /home/russell/data/index_options/ob --source  --stream  --mode,922eceb3b7266b3fb571b77cba51dd329da707cd78abf6052acc67d47411aaee,/home/russell/data/index_options/ob,connector=cboe
A0026,acquire,register-source cboe-index-wide,2026-09-24T02:00:58+00:00,--root /home/russell/data/index_options/ob --source  --stream  --mode,a226b63bbdf7b91029382175732e44d761f22c1ba85f10a2534f96aae797f7ab,/home/russell/data/index_options/ob,connector=cboe
A0027,acquire,backfill cboe-index-wide/index_daily,2026-09-24T02:01:29+00:00,--root /home/russell/data/index_options/ob --source cboe-index-wide --stream index_daily --mode backfill,07e19c3e751b18c5a158e2e059bbd66e77b61c95380e7487ec4b4686017f84f9,/home/russell/data/index_options/ob,
A0028,acquire,register-source cboe-chain-wide,2026-09-24T02:02:56+00:00,--root /home/russell/data/index_options/ob --source  --stream  --mode,6481e2d70b733101993ebbb3cd3a3ea79e8669e2d3ae7d7728030f0c3d4045e3,/home/russell/data/index_options/ob,connector=cboe
A0029,acquire,register-source cboe-chain-wide,2026-09-24T02:02:59+00:00,--root /home/russell/data/index_options/ob --source  --stream  --mode,6481e2d70b733101993ebbb3cd3a3ea79e8669e2d3ae7d7728030f0c3d4045e3,/home/russell/data/index_options/ob,connector=cboe
A0030,acquire,live cboe-chain-wide/option_chain,2026-09-24T02:04:09+00:00,--root /home/russell/data/index_options/ob --source cboe-chain-wide --stream option_chain --mode live,57ddc430a481a68715608f0c531da80d5df27179f5b2ccd0fa8b90cc9c4025e3,/home/russell/data/index_options/ob,
A0031,acquire,live cboe-chain-wide/option_chain,2026-09-24T02:05:07+00:00,--root /home/russell/data/index_options/ob --source cboe-chain-wide --stream option_chain --mode live,4152267f72cd8fb005942363f639a35dcd6f39458fc5a8eace002c21d35a1959,/home/russell/data/index_options/ob,
A0032,acquire,backfill cboe-index-wide/index_daily,2026-09-24T02:05:36+00:00,--root /home/russell/data/index_options/ob --source cboe-index-wide --stream index_daily --mode backfill,,/home/russell/data/index_options/ob,
A0033,acquire,backfill cboe-index/index_daily,2026-09-24T02:05:39+00:00,--root /home/russell/data/index_options/ob --source cboe-index --stream index_daily --mode backfill,,/home/russell/data/index_options/ob,
A0034,execute,staged plan,2026-09-24T02:06:37+00:00,/home/russell/wt/index-options-real-data/children/index_options/configs/run-real-zoo.json,/home/russell/wt/index-options-real-data/children/index_options/pipeline_runs/index-options-real-zoo-staged-2026-09-23-f2fd8e93/stages/plan.json,,stage_token=f2fd8e9392b52757664a2c8eed282314b9bb307dd7b79ab92527f9af231eeb24:plan; state=ran; sha256=233f2adda8d0d3b82d1db1b5e0804ac8e02aea279bf5870609f44603284c4a74; reason=
A0035,execute,staged approval,2026-09-24T02:06:37+00:00,/home/russell/wt/index-options-real-data/children/index_options/configs/run-real-zoo.json,/home/russell/wt/index-options-real-data/children/index_options/pipeline_runs/index-options-real-zoo-staged-2026-09-23-f2fd8e93/stages/approval.json,,stage_token=f2fd8e9392b52757664a2c8eed282314b9bb307dd7b79ab92527f9af231eeb24:approval; state=ran; sha256=543368c5872e94b083012910c62e041d3c0ec264d081b90398f4bd1bb981e4c8; reason=
A0036,execute,staged run,2026-09-24T02:06:37+00:00,/home/russell/wt/index-options-real-data/children/index_options/configs/run-real-zoo.json,/home/russell/wt/index-options-real-data/children/index_options/pipeline_runs/index-options-real-zoo-staged-2026-09-23-f2fd8e93/stages/run.json,,stage_token=f2fd8e9392b52757664a2c8eed282314b9bb307dd7b79ab92527f9af231eeb24:run; state=ran; sha256=8dff55a82861af524cd63304fead0ac55fde2bd6132bbab3b0713df093dabdc3; reason=
A0037,execute,staged compare,2026-09-24T02:06:37+00:00,/home/russell/wt/index-options-real-data/children/index_options/configs/run-real-zoo.json,/home/russell/wt/index-options-real-data/children/index_options/pipeline_runs/index-options-real-zoo-staged-2026-09-23-f2fd8e93/stages/compare.json,,stage_token=f2fd8e9392b52757664a2c8eed282314b9bb307dd7b79ab92527f9af231eeb24:compare; state=ran; sha256=537be0bf780597a7dc66ac1d714f24851d67ed4709162e1f7b8c9fee956e02b2; reason=
A0038,execute,staged plan,2026-09-24T02:06:37+00:00,/home/russell/wt/index-options-real-data/children/index_options/configs/run-real-zoo.json,/home/russell/wt/index-options-real-data/children/index_options/pipeline_runs/index-options-real-zoo-staged-2026-09-23-71673101/stages/plan.json,,stage_token=716731013552d086e18ddb91726a4281ddeae0622a1b1be0ec24a239f262f17c:plan; state=ran; sha256=71243dec29abda70ec2d1f04425c65bf549a4d997a638ef9d21e9671c5f19ed6; reason=
A0039,execute,staged approval,2026-09-24T02:06:37+00:00,/home/russell/wt/index-options-real-data/children/index_options/configs/run-real-zoo.json,/home/russell/wt/index-options-real-data/children/index_options/pipeline_runs/index-options-real-zoo-staged-2026-09-23-71673101/stages/approval.json,,stage_token=716731013552d086e18ddb91726a4281ddeae0622a1b1be0ec24a239f262f17c:approval; state=ran; sha256=7f0560dd7c218a6b4d8589511b2c2c4cde43d1711b69da98f3fd4d789bc56254; reason=
A0040,execute,index-options-real-distribution walk-forward,2026-09-24T02:07:05+00:00,index-options-real-distribution,/home/russell/wt/index-options-real-data/children/index_options/pipeline_runs/index-options-real-distribution-walkforward-2026-09-23-7fd69204,/home/russell/wt/index-options-real-data/children/index_options/pipeline_runs/index-options-real-distribution-walkforward-2026-09-23-7fd69204,state=ran folds=32 hash=7fd69204 asof=2026-09-23
A0041,execute,index-options-real-har walk-forward,2026-09-24T02:07:34+00:00,index-options-real-har,/home/russell/wt/index-options-real-data/children/index_options/pipeline_runs/index-options-real-har-walkforward-2026-09-23-f87deec2,/home/russell/wt/index-options-real-data/children/index_options/pipeline_runs/index-options-real-har-walkforward-2026-09-23-f87deec2,state=ran folds=32 hash=f87deec2 asof=2026-09-23
A0042,execute,index-options-real-lightgbm walk-forward,2026-09-24T02:10:55+00:00,index-options-real-lightgbm,/home/russell/wt/index-options-real-data/children/index_options/pipeline_runs/index-options-real-lightgbm-walkforward-2026-09-23-cc07b9f5,/home/russell/wt/index-options-real-data/children/index_options/pipeline_runs/index-options-real-lightgbm-walkforward-2026-09-23-cc07b9f5,state=ran folds=32 hash=cc07b9f5 asof=2026-09-23
A0043,execute,index-options-real-vix walk-forward,2026-09-24T02:11:25+00:00,index-options-real-vix,/home/russell/wt/index-options-real-data/children/index_options/pipeline_runs/index-options-real-vix-walkforward-2026-09-23-161fed73,/home/russell/wt/index-options-real-data/children/index_options/pipeline_runs/index-options-real-vix-walkforward-2026-09-23-161fed73,state=ran folds=32 hash=161fed73 asof=2026-09-23
A0044,execute,index-options-real-har-vix walk-forward,2026-09-24T02:11:54+00:00,index-options-real-har-vix,/home/russell/wt/index-options-real-data/children/index_options/pipeline_runs/index-options-real-har-vix-walkforward-2026-09-23-da0d6948,/home/russell/wt/index-options-real-data/children/index_options/pipeline_runs/index-options-real-har-vix-walkforward-2026-09-23-da0d6948,state=ran folds=32 hash=da0d6948 asof=2026-09-23
A0045,execute,index-options-real-lightgbm-vix walk-forward,2026-09-24T02:13:43+00:00,index-options-real-lightgbm-vix,/home/russell/wt/index-options-real-data/children/index_options/pipeline_runs/index-options-real-lightgbm-vix-walkforward-2026-09-23-9a2612e0,/home/russell/wt/index-options-real-data/children/index_options/pipeline_runs/index-options-real-lightgbm-vix-walkforward-2026-09-23-9a2612e0,state=ran folds=32 hash=9a2612e0 asof=2026-09-23
A0046,execute,staged run,2026-09-24T02:13:43+00:00,/home/russell/wt/index-options-real-data/children/index_options/configs/run-real-zoo.json,/home/russell/wt/index-options-real-data/children/index_options/pipeline_runs/index-options-real-zoo-staged-2026-09-23-71673101/stages/run.json,,stage_token=716731013552d086e18ddb91726a4281ddeae0622a1b1be0ec24a239f262f17c:run; state=ran; sha256=23a7fc96cafbe9dffa63e1c722a1541d9af48696b3db420626a281af43440a71; reason=
A0047,execute,staged compare,2026-09-24T02:13:43+00:00,/home/russell/wt/index-options-real-data/children/index_options/configs/run-real-zoo.json,/home/russell/wt/index-options-real-data/children/index_options/pipeline_runs/index-options-real-zoo-staged-2026-09-23-71673101/stages/compare.json,,stage_token=716731013552d086e18ddb91726a4281ddeae0622a1b1be0ec24a239f262f17c:compare; state=ran; sha256=4950c4ce7839ea5498429aea150e2d6465b0959a95385d01eadf9ffe51586a27; reason=
A0048,execute,staged plan,2026-09-24T02:25:28+00:00,/home/russell/wt/index-options-real-data/children/index_options/configs/run-real-zoo.json,/home/russell/wt/index-options-real-data/children/index_options/pipeline_runs/index-options-real-zoo-staged-2026-09-23-55013a6f/stages/plan.json,,stage_token=55013a6f0bc8478a512e893cbd2f798238bbe9a346ba7fc73e7ef37a1019129e:plan; state=ran; sha256=10027ef36302d2f5708e7f01e5ca7503db1eb3ceb89d4d25685ebfa36d3ca7e2; reason=
A0049,execute,staged approval,2026-09-24T02:25:28+00:00,/home/russell/wt/index-options-real-data/children/index_options/configs/run-real-zoo.json,/home/russell/wt/index-options-real-data/children/index_options/pipeline_runs/index-options-real-zoo-staged-2026-09-23-55013a6f/stages/approval.json,,stage_token=55013a6f0bc8478a512e893cbd2f798238bbe9a346ba7fc73e7ef37a1019129e:approval; state=ran; sha256=6259d27746235d2b7aeb5ff4dc5cb792068d1561e5ebdb59b450dd993a4a71ef; reason=
A0050,execute,staged run,2026-09-24T02:25:28+00:00,/home/russell/wt/index-options-real-data/children/index_options/configs/run-real-zoo.json,/home/russell/wt/index-options-real-data/children/index_options/pipeline_runs/index-options-real-zoo-staged-2026-09-23-55013a6f/stages/run.json,,stage_token=55013a6f0bc8478a512e893cbd2f798238bbe9a346ba7fc73e7ef37a1019129e:run; state=ran; sha256=62bda4a81c5488b6f705166e8f2fffa6f805f87a599a038a3b40cf43d0a70d98; reason=
A0051,execute,staged compare,2026-09-24T02:25:28+00:00,/home/russell/wt/index-options-real-data/children/index_options/configs/run-real-zoo.json,/home/russell/wt/index-options-real-data/children/index_options/pipeline_runs/index-options-real-zoo-staged-2026-09-23-55013a6f/stages/compare.json,,stage_token=55013a6f0bc8478a512e893cbd2f798238bbe9a346ba7fc73e7ef37a1019129e:compare; state=ran; sha256=4ed38546f991754da19999cbbbbb152fa68bd17b2cf4cadf05bcfa8ef8c43b9c; reason=
A0052,execute,staged plan,2026-09-24T02:25:28+00:00,/home/russell/wt/index-options-real-data/children/index_options/configs/run-real-zoo.json,/home/russell/wt/index-options-real-data/children/index_options/pipeline_runs/index-options-real-zoo-staged-2026-09-23-3aa2213a/stages/plan.json,,stage_token=3aa2213a1551dbb56e45007a9ecc19344452f8b9bbf3d0395e26ead1896b8657:plan; state=ran; sha256=0bcf3dca4937394f3468688d23902820fc49f652d8ca266a756288469ea8bd70; reason=
A0053,execute,staged approval,2026-09-24T02:25:28+00:00,/home/russell/wt/index-options-real-data/children/index_options/configs/run-real-zoo.json,/home/russell/wt/index-options-real-data/children/index_options/pipeline_runs/index-options-real-zoo-staged-2026-09-23-3aa2213a/stages/approval.json,,stage_token=3aa2213a1551dbb56e45007a9ecc19344452f8b9bbf3d0395e26ead1896b8657:approval; state=ran; sha256=f1c472b2ca24a361906928f94c4f7f4e763fb78b18736bf002b7e29823561501; reason=
A0054,execute,index-options-real-distribution walk-forward,2026-09-24T02:25:55+00:00,index-options-real-distribution,/home/russell/wt/index-options-real-data/children/index_options/pipeline_runs/index-options-real-distribution-walkforward-2026-09-23-03505e18,/home/russell/wt/index-options-real-data/children/index_options/pipeline_runs/index-options-real-distribution-walkforward-2026-09-23-03505e18,state=ran folds=32 hash=03505e18 asof=2026-09-23
A0055,execute,index-options-real-har walk-forward,2026-09-24T02:26:24+00:00,index-options-real-har,/home/russell/wt/index-options-real-data/children/index_options/pipeline_runs/index-options-real-har-walkforward-2026-09-23-1a82ece5,/home/russell/wt/index-options-real-data/children/index_options/pipeline_runs/index-options-real-har-walkforward-2026-09-23-1a82ece5,state=ran folds=32 hash=1a82ece5 asof=2026-09-23
A0056,execute,index-options-real-lightgbm walk-forward,2026-09-24T02:29:17+00:00,index-options-real-lightgbm,/home/russell/wt/index-options-real-data/children/index_options/pipeline_runs/index-options-real-lightgbm-walkforward-2026-09-23-66fc5574,/home/russell/wt/index-options-real-data/children/index_options/pipeline_runs/index-options-real-lightgbm-walkforward-2026-09-23-66fc5574,state=ran folds=32 hash=66fc5574 asof=2026-09-23
A0057,execute,index-options-real-vix walk-forward,2026-09-24T02:29:48+00:00,index-options-real-vix,/home/russell/wt/index-options-real-data/children/index_options/pipeline_runs/index-options-real-vix-walkforward-2026-09-23-8d35a43d,/home/russell/wt/index-options-real-data/children/index_options/pipeline_runs/index-options-real-vix-walkforward-2026-09-23-8d35a43d,state=ran folds=32 hash=8d35a43d asof=2026-09-23
A0058,execute,index-options-real-har-vix walk-forward,2026-09-24T02:30:18+00:00,index-options-real-har-vix,/home/russell/wt/index-options-real-data/children/index_options/pipeline_runs/index-options-real-har-vix-walkforward-2026-09-23-0f5db0ca,/home/russell/wt/index-options-real-data/children/index_options/pipeline_runs/index-options-real-har-vix-walkforward-2026-09-23-0f5db0ca,state=ran folds=32 hash=0f5db0ca asof=2026-09-23
A0059,execute,index-options-real-lightgbm-vix walk-forward,2026-09-24T02:34:40+00:00,index-options-real-lightgbm-vix,/home/russell/wt/index-options-real-data/children/index_options/pipeline_runs/index-options-real-lightgbm-vix-walkforward-2026-09-23-c6e98bd3,/home/russell/wt/index-options-real-data/children/index_options/pipeline_runs/index-options-real-lightgbm-vix-walkforward-2026-09-23-c6e98bd3,state=ran folds=32 hash=c6e98bd3 asof=2026-09-23
A0060,execute,staged run,2026-09-24T02:34:40+00:00,/home/russell/wt/index-options-real-data/children/index_options/configs/run-real-zoo.json,/home/russell/wt/index-options-real-data/children/index_options/pipeline_runs/index-options-real-zoo-staged-2026-09-23-3aa2213a/stages/run.json,,stage_token=3aa2213a1551dbb56e45007a9ecc19344452f8b9bbf3d0395e26ead1896b8657:run; state=ran; sha256=9efd43b165bb99496b922443c8fedc866356012f279f185b984ac397d278fc41; reason=
A0061,execute,staged compare,2026-09-24T02:34:40+00:00,/home/russell/wt/index-options-real-data/children/index_options/configs/run-real-zoo.json,/home/russell/wt/index-options-real-data/children/index_options/pipeline_runs/index-options-real-zoo-staged-2026-09-23-3aa2213a/stages/compare.json,,stage_token=3aa2213a1551dbb56e45007a9ecc19344452f8b9bbf3d0395e26ead1896b8657:compare; state=ran; sha256=b4847a4de625db294c1159d00f49224d81344598b63956d931760da384384321; reason=
A0062,research,real-data-backtest/2026-09-24-zoo-vs-vix,2026-09-24T02:35:06+00:00,Real-data zoo and condor backtest vs VIX,docs/research/real-data-backtest/2026-09-24-zoo-vs-vix.md,docs/research/real-data-backtest/2026-09-24-zoo-vs-vix.md,
A0063,acquire,backfill optionshist-chain/option_chain,2026-09-26T00:09:46+00:00,--root /home/russell/data/index_options/ob --source optionshist-chain --stream option_chain --mode backfill,7a2d39eeec952314ddf36b9f82e49a8ab5bfe948f4388eaaa74fc726d37259b0,/home/russell/data/index_options/ob,
A0064,acquire,backfill optionshist-chain/option_chain,2026-09-26T00:10:00+00:00,--root /home/russell/data/index_options/ob --source optionshist-chain --stream option_chain --mode backfill,ec09da6121ea8be6d347f7dd2ae30ca565a2ed92d068be803fd9cdd396596e31,/home/russell/data/index_options/ob,
A0065,acquire,backfill optionshist-chain/option_chain,2026-09-26T00:10:11+00:00,--root /home/russell/data/index_options/ob --source optionshist-chain --stream option_chain --mode backfill,9e6554195c9fe6421cace02b122bd5bcc9efaa005d1a8ef1ec9bad569cd7892b,/home/russell/data/index_options/ob,
A0066,acquire,backfill optionshist-chain/option_chain,2026-09-26T00:10:28+00:00,--root /home/russell/data/index_options/ob --source optionshist-chain --stream option_chain --mode backfill,55adb3d6c58ba5691099d94fb256c96a16c19bb9d4778ffb3925950faf07caff,/home/russell/data/index_options/ob,
A0067,acquire,backfill optionshist-chain/option_chain,2026-09-26T00:10:43+00:00,--root /home/russell/data/index_options/ob --source optionshist-chain --stream option_chain --mode backfill,4ae4bf9d4bdb1690f32314006de22ba2a67cd6725b9010f224570348718da2cb,/home/russell/data/index_options/ob,
A0068,acquire,backfill optionshist-chain/option_chain,2026-09-26T00:11:01+00:00,--root /home/russell/data/index_options/ob --source optionshist-chain --stream option_chain --mode backfill,60bdfbeb7c7116ce5cd5f00d6e37fdf929e861bfb589b983921baa78720dc971,/home/russell/data/index_options/ob,
A0069,acquire,backfill optionshist-chain/option_chain,2026-09-26T00:11:15+00:00,--root /home/russell/data/index_options/ob --source optionshist-chain --stream option_chain --mode backfill,1d97465e99c3024eb86fb9687072b66ad4505eda3bd815bc93f3a42eae886877,/home/russell/data/index_options/ob,
A0070,acquire,backfill optionshist-chain/option_chain,2026-09-26T00:11:30+00:00,--root /home/russell/data/index_options/ob --source optionshist-chain --stream option_chain --mode backfill,3ba81b65231ba786b6bb716823f52c57b07c1788718d1d29edab66c359ab8a3f,/home/russell/data/index_options/ob,
A0071,acquire,backfill optionshist-chain/option_chain,2026-09-26T00:11:41+00:00,--root /home/russell/data/index_options/ob --source optionshist-chain --stream option_chain --mode backfill,56a1a6798fa31b996aa9013ebd4c60ca6f5f8bf91749ed1fcf620d73d38af1d6,/home/russell/data/index_options/ob,
A0072,acquire,backfill optionshist-chain/option_chain,2026-09-26T00:11:57+00:00,--root /home/russell/data/index_options/ob --source optionshist-chain --stream option_chain --mode backfill,224d8fa5acf19666a4dc24f438310850537eaad0bf0bca8544c28f565af6303e,/home/russell/data/index_options/ob,
A0073,acquire,backfill optionshist-chain/option_chain,2026-09-26T00:12:11+00:00,--root /home/russell/data/index_options/ob --source optionshist-chain --stream option_chain --mode backfill,51b2b26e462ea82a08c311c511826975f0c5d9f72e650ac74a3cfae0163d05ea,/home/russell/data/index_options/ob,
A0074,acquire,backfill optionshist-chain/option_chain,2026-09-26T00:12:29+00:00,--root /home/russell/data/index_options/ob --source optionshist-chain --stream option_chain --mode backfill,e9954e5efc6db7ba025c912a592cd65538bdba7fc3bc396407607dc99fff1c40,/home/russell/data/index_options/ob,
A0075,acquire,backfill optionshist-chain/option_chain,2026-09-26T00:12:46+00:00,--root /home/russell/data/index_options/ob --source optionshist-chain --stream option_chain --mode backfill,ceb2d0702e1713e2281510eac64c7780b5a9f1cee577ef7638cb3eb2280437ad,/home/russell/data/index_options/ob,
A0076,acquire,backfill optionshist-chain/option_chain,2026-09-26T00:13:07+00:00,--root /home/russell/data/index_options/ob --source optionshist-chain --stream option_chain --mode backfill,b5c4d036fd95797f829794476a9085ab1bc44b3b6155be5ec8ffa68bcf240338,/home/russell/data/index_options/ob,
A0077,acquire,backfill optionshist-chain/option_chain,2026-09-26T00:13:34+00:00,--root /home/russell/data/index_options/ob --source optionshist-chain --stream option_chain --mode backfill,03f3237e07297959360b28c88d5cd661cd67bcb68a2c4a703140eb935a8f1e2c,/home/russell/data/index_options/ob,
A0078,acquire,backfill optionshist-chain/option_chain,2026-09-26T00:13:57+00:00,--root /home/russell/data/index_options/ob --source optionshist-chain --stream option_chain --mode backfill,f7f60c235fa398cac057a9879f139253549366daaa920f57454f1c1ac055424d,/home/russell/data/index_options/ob,
A0079,acquire,backfill optionshist-chain/option_chain,2026-09-26T00:14:20+00:00,--root /home/russell/data/index_options/ob --source optionshist-chain --stream option_chain --mode backfill,0947d7a3a991b93aad84f11e62743aeed9eab63dade54d4cb0081c81a7629d86,/home/russell/data/index_options/ob,
A0080,acquire,backfill optionshist-chain/option_chain,2026-09-26T00:14:46+00:00,--root /home/russell/data/index_options/ob --source optionshist-chain --stream option_chain --mode backfill,95190823a2c1735f6c8acf67f798fa392b1c77ae30fe16e5498c973cac32b671,/home/russell/data/index_options/ob,
A0081,acquire,backfill optionshist-chain/option_chain,2026-09-26T00:15:13+00:00,--root /home/russell/data/index_options/ob --source optionshist-chain --stream option_chain --mode backfill,b7e75a48b008ab6c6cc145b877f35310402dfbd8de30181928a760b8357db99a,/home/russell/data/index_options/ob,
A0082,acquire,backfill optionshist-chain/option_chain,2026-09-26T00:15:41+00:00,--root /home/russell/data/index_options/ob --source optionshist-chain --stream option_chain --mode backfill,90e1de701fd71a455b349bb8027600a593baa1c23a2da52fb3d5ae10d7f8a895,/home/russell/data/index_options/ob,
A0083,acquire,backfill optionshist-chain/option_chain,2026-09-26T00:16:11+00:00,--root /home/russell/data/index_options/ob --source optionshist-chain --stream option_chain --mode backfill,14886ec97a5c7fea16e0df730030e1a1e74e79516515f9b7c5fb89a889654e69,/home/russell/data/index_options/ob,
A0084,acquire,backfill optionshist-chain/option_chain,2026-09-26T00:16:40+00:00,--root /home/russell/data/index_options/ob --source optionshist-chain --stream option_chain --mode backfill,f13e17f2bad110bee971259b5ee06147053b4d65126bfcef492d19dfda8e9d2c,/home/russell/data/index_options/ob,
A0085,acquire,backfill optionshist-chain/option_chain,2026-09-26T00:17:09+00:00,--root /home/russell/data/index_options/ob --source optionshist-chain --stream option_chain --mode backfill,3d607bb92bb53583a3721af213f1ad662daf8e8b11db0cf26310b6c4f7521f16,/home/russell/data/index_options/ob,
A0086,acquire,backfill optionshist-chain/option_chain,2026-09-26T00:17:39+00:00,--root /home/russell/data/index_options/ob --source optionshist-chain --stream option_chain --mode backfill,daa99cdef693d63636f9a778909757bd4fa70c59d3c7ae1fdb8a8e6ad61d5115,/home/russell/data/index_options/ob,
A0087,acquire,backfill optionshist-chain/option_chain,2026-09-26T00:18:22+00:00,--root /home/russell/data/index_options/ob --source optionshist-chain --stream option_chain --mode backfill,55af2b68538df8c0dba6eef55ecad812a5360f7597b5e107e3aa0dadbd8298cf,/home/russell/data/index_options/ob,
A0088,acquire,backfill optionshist-chain/option_chain,2026-09-26T00:18:59+00:00,--root /home/russell/data/index_options/ob --source optionshist-chain --stream option_chain --mode backfill,e2b37e5f30e3322f7ef5df15416440edeb1886e92bf902688add221374c16a16,/home/russell/data/index_options/ob,
A0089,acquire,backfill optionshist-chain/option_chain,2026-09-26T00:19:34+00:00,--root /home/russell/data/index_options/ob --source optionshist-chain --stream option_chain --mode backfill,9717ade05eb4e3ce66c50fdf87577aefffd5bfe35eb95bf166ea862e8c4304d1,/home/russell/data/index_options/ob,
A0090,acquire,backfill optionshist-chain/option_chain,2026-09-26T00:20:16+00:00,--root /home/russell/data/index_options/ob --source optionshist-chain --stream option_chain --mode backfill,0ed43d7b1df6ad90208903b7057cb4360ac883db020e6b64f4c00841a1aca392,/home/russell/data/index_options/ob,
A0091,acquire,backfill optionshist-chain/option_chain,2026-09-26T00:20:55+00:00,--root /home/russell/data/index_options/ob --source optionshist-chain --stream option_chain --mode backfill,230c5cbb2c0c96b6ac8965020db86e525f8ab9b5ba283b65bbcbfb4c65434368,/home/russell/data/index_options/ob,
A0092,acquire,backfill optionshist-chain/option_chain,2026-09-26T00:21:29+00:00,--root /home/russell/data/index_options/ob --source optionshist-chain --stream option_chain --mode backfill,b48c234f1ed2b64129a53ee3fe6fde132e841e4cda0688febe1f4da9fb9c3e46,/home/russell/data/index_options/ob,
A0093,acquire,backfill optionshist-chain/option_chain,2026-09-26T00:22:19+00:00,--root /home/russell/data/index_options/ob --source optionshist-chain --stream option_chain --mode backfill,7c6472b824461089b82e9a3f4e8ed36ea0848c693415e126dce97b98c35a1f72,/home/russell/data/index_options/ob,
A0094,acquire,backfill optionshist-chain/option_chain,2026-09-26T00:23:00+00:00,--root /home/russell/data/index_options/ob --source optionshist-chain --stream option_chain --mode backfill,46b172acfe1dae60ad973333632e6d05dbf59632356685d8d3c47924d5f47da1,/home/russell/data/index_options/ob,
A0095,acquire,backfill optionshist-chain/option_chain,2026-09-26T00:23:49+00:00,--root /home/russell/data/index_options/ob --source optionshist-chain --stream option_chain --mode backfill,7d0ce6c1bcc99a1d1adc6c80650c35b88d02cea7da72d66c089ecdd8092b2949,/home/russell/data/index_options/ob,
A0096,acquire,backfill optionshist-chain/option_chain,2026-09-26T00:24:35+00:00,--root /home/russell/data/index_options/ob --source optionshist-chain --stream option_chain --mode backfill,1907f643f0c7592ade6dd60a3aa5013aceb7834bee2bd444477694d6920265ad,/home/russell/data/index_options/ob,
A0097,acquire,backfill optionshist-chain/option_chain,2026-09-26T00:25:22+00:00,--root /home/russell/data/index_options/ob --source optionshist-chain --stream option_chain --mode backfill,9d6efebc01940a186aa97a7cd4119c4b90f48cfb8541e55187b51a33ef349ab0,/home/russell/data/index_options/ob,
A0098,acquire,backfill optionshist-chain/option_chain,2026-09-26T00:26:15+00:00,--root /home/russell/data/index_options/ob --source optionshist-chain --stream option_chain --mode backfill,b10b9251284661e4adb74c90cfc263ac2ee000360222e787826aaad0f576b554,/home/russell/data/index_options/ob,
A0099,acquire,backfill optionshist-chain/option_chain,2026-09-26T00:27:12+00:00,--root /home/russell/data/index_options/ob --source optionshist-chain --stream option_chain --mode backfill,9ac5983408a8eb34635d6de6b0238cddc142652935d40e9c3dd4657e0b7fb6be,/home/russell/data/index_options/ob,
A0100,acquire,backfill optionshist-chain/option_chain,2026-09-26T00:28:04+00:00,--root /home/russell/data/index_options/ob --source optionshist-chain --stream option_chain --mode backfill,fa83572fee3ef88df9060fa63f040c17b9d7cf97e056c83525ee3268804c31dd,/home/russell/data/index_options/ob,
A0101,acquire,backfill optionshist-chain/option_chain,2026-09-26T00:28:52+00:00,--root /home/russell/data/index_options/ob --source optionshist-chain --stream option_chain --mode backfill,8bb0e771352d200792ff996eab6a06548c9b3edfe3755a79ce973951ad86cf35,/home/russell/data/index_options/ob,
A0102,acquire,backfill optionshist-chain/option_chain,2026-09-26T00:29:42+00:00,--root /home/russell/data/index_options/ob --source optionshist-chain --stream option_chain --mode backfill,39079187635ac31b0ca8c8adc33a1a44f5eac521467be0078a4e62ae7d894765,/home/russell/data/index_options/ob,
A0103,acquire,backfill optionshist-chain/option_chain,2026-09-26T00:30:40+00:00,--root /home/russell/data/index_options/ob --source optionshist-chain --stream option_chain --mode backfill,968a7b16342bbf456dcc02c81183347edf18ba524339dfc09328272cdb56ba4c,/home/russell/data/index_options/ob,
A0104,acquire,backfill optionshist-chain/option_chain,2026-09-26T00:31:38+00:00,--root /home/russell/data/index_options/ob --source optionshist-chain --stream option_chain --mode backfill,ae4b47e17257352622c90ec6ca244a5f30ac26455761ce57fe7c2935dda91028,/home/russell/data/index_options/ob,
A0105,acquire,backfill optionshist-chain/option_chain,2026-09-26T00:32:31+00:00,--root /home/russell/data/index_options/ob --source optionshist-chain --stream option_chain --mode backfill,e8f1e032b78114982890a59adeacfa37e7b6e8854de745254d125e3968544b79,/home/russell/data/index_options/ob,
A0106,acquire,backfill optionshist-chain/option_chain,2026-09-26T00:33:29+00:00,--root /home/russell/data/index_options/ob --source optionshist-chain --stream option_chain --mode backfill,a4594f6f6c5b0d474089750996acfdef4dac1a896cecf4037fda05c66dc15c70,/home/russell/data/index_options/ob,
A0107,acquire,backfill optionshist-chain/option_chain,2026-09-26T00:34:28+00:00,--root /home/russell/data/index_options/ob --source optionshist-chain --stream option_chain --mode backfill,a1b6dfc28d9327cd691f24f67bab2bf5c56d5ce9d4016bd888ee653323a4d3d9,/home/russell/data/index_options/ob,
A0108,acquire,backfill optionshist-chain/option_chain,2026-09-26T00:35:33+00:00,--root /home/russell/data/index_options/ob --source optionshist-chain --stream option_chain --mode backfill,856b435258666d031e1540f660e2cb163b14e97f2ca726ed64a6fece2c514aaf,/home/russell/data/index_options/ob,
A0109,acquire,backfill optionshist-chain/option_chain,2026-09-26T00:36:35+00:00,--root /home/russell/data/index_options/ob --source optionshist-chain --stream option_chain --mode backfill,fffb6588c8ffa6ef33e91ae5d318f24268b1f20882970d15fd5dc11e95df5481,/home/russell/data/index_options/ob,
A0110,acquire,backfill optionshist-chain/option_chain,2026-09-26T00:37:39+00:00,--root /home/russell/data/index_options/ob --source optionshist-chain --stream option_chain --mode backfill,b428fa080d2ac291314623475d0ee54b4e958e92fdcf2094f20e9fb1bb40cf0f,/home/russell/data/index_options/ob,
A0111,acquire,backfill optionshist-chain/option_chain,2026-09-26T00:39:03+00:00,--root /home/russell/data/index_options/ob --source optionshist-chain --stream option_chain --mode backfill,4ccd915a0b0a8c17ce91f5aba0894e1f06107af6254e2c1ee834c845dc7a0bd9,/home/russell/data/index_options/ob,
A0112,acquire,backfill optionshist-chain/option_chain,2026-09-26T00:40:37+00:00,--root /home/russell/data/index_options/ob --source optionshist-chain --stream option_chain --mode backfill,ad4b73f4f2e2cf9a63210c150c98c14f4852c9414b9562c674ba0abf7f5e4560,/home/russell/data/index_options/ob,
A0113,acquire,backfill optionshist-chain/option_chain,2026-09-26T00:42:06+00:00,--root /home/russell/data/index_options/ob --source optionshist-chain --stream option_chain --mode backfill,a3aeeab1f64a275d64df2341dfe1e8c10c9efe862c23de3fb54263c8a2151a16,/home/russell/data/index_options/ob,
A0114,acquire,backfill optionshist-chain/option_chain,2026-09-26T00:43:43+00:00,--root /home/russell/data/index_options/ob --source optionshist-chain --stream option_chain --mode backfill,797b6683ba7ef0f8258fb5b16fc701d1da4c551c3fad3498d2aed26703d1f3b0,/home/russell/data/index_options/ob,
A0115,acquire,backfill optionshist-chain/option_chain,2026-09-26T00:45:25+00:00,--root /home/russell/data/index_options/ob --source optionshist-chain --stream option_chain --mode backfill,62bec38d5bd286a2fd6e19633296d08835425146c7af6e2c52015e26ffa1b010,/home/russell/data/index_options/ob,
A0116,acquire,backfill optionshist-chain/option_chain,2026-09-26T00:47:14+00:00,--root /home/russell/data/index_options/ob --source optionshist-chain --stream option_chain --mode backfill,9348508548ffe70aed5b6941ecd271d3934e8986203ae6d45884f95b81c1973a,/home/russell/data/index_options/ob,
A0117,acquire,backfill optionshist-chain/option_chain,2026-09-26T00:49:00+00:00,--root /home/russell/data/index_options/ob --source optionshist-chain --stream option_chain --mode backfill,380b910c5cce9b2bc61067015e58e4941cbb83ce68f5ce2ca250cccb8ca2175f,/home/russell/data/index_options/ob,
A0118,acquire,backfill optionshist-chain/option_chain,2026-09-26T00:50:55+00:00,--root /home/russell/data/index_options/ob --source optionshist-chain --stream option_chain --mode backfill,411d6eb8d1c88b73f5635e1d8517f88ef047bd6125d09eb4839f916942cd8a07,/home/russell/data/index_options/ob,
A0119,acquire,backfill optionshist-chain/option_chain,2026-09-26T00:52:42+00:00,--root /home/russell/data/index_options/ob --source optionshist-chain --stream option_chain --mode backfill,201a0fea76553b12d7a50f7bd73dadb682a8c08529be48bac938c12fa43c19cc,/home/russell/data/index_options/ob,
A0120,acquire,backfill optionshist-chain/option_chain,2026-09-26T00:54:29+00:00,--root /home/russell/data/index_options/ob --source optionshist-chain --stream option_chain --mode backfill,53f7b83dcda23eb1b6cfb94fb73bd0b75f1f804e077c33e96b5f12ec097c8233,/home/russell/data/index_options/ob,
A0121,acquire,backfill optionshist-chain/option_chain,2026-09-26T00:56:09+00:00,--root /home/russell/data/index_options/ob --source optionshist-chain --stream option_chain --mode backfill,cdcb17129772b31e9b89be533a37a80442f8a4309f7e41316859911a0ef2925a,/home/russell/data/index_options/ob,
A0122,acquire,backfill optionshist-chain/option_chain,2026-09-26T00:57:37+00:00,--root /home/russell/data/index_options/ob --source optionshist-chain --stream option_chain --mode backfill,f2a0215d93f3e5957ac360e7bd293254e96935a3ed156dcbbe81e886255b542a,/home/russell/data/index_options/ob,
A0123,acquire,backfill optionshist-chain/option_chain,2026-09-26T00:59:07+00:00,--root /home/russell/data/index_options/ob --source optionshist-chain --stream option_chain --mode backfill,7a6a988ff09213c1268f7206abee70bddfd06b6edbc260d814fb6aaec06efaa7,/home/russell/data/index_options/ob,
A0124,acquire,backfill optionshist-chain/option_chain,2026-09-26T01:00:42+00:00,--root /home/russell/data/index_options/ob --source optionshist-chain --stream option_chain --mode backfill,44486754b0809ef908b7dd83d1bff976ac15a2b9709ec9fa81e09d4e8d1cc82d,/home/russell/data/index_options/ob,
A0125,acquire,backfill optionshist-chain/option_chain,2026-09-26T01:02:14+00:00,--root /home/russell/data/index_options/ob --source optionshist-chain --stream option_chain --mode backfill,39f81ca752892f7283b5c27d49c536b76c0015a50f909ea1c17b78f0d69539c2,/home/russell/data/index_options/ob,
A0126,acquire,backfill optionshist-chain/option_chain,2026-09-26T01:03:52+00:00,--root /home/russell/data/index_options/ob --source optionshist-chain --stream option_chain --mode backfill,f16680d27c0f35cd29647fa2c549d2a41f83e29e2a71ba432804e57db0fe7f06,/home/russell/data/index_options/ob,
A0127,acquire,backfill optionshist-chain/option_chain,2026-09-26T01:05:36+00:00,--root /home/russell/data/index_options/ob --source optionshist-chain --stream option_chain --mode backfill,362deb92e4c2a64f43fdcc9c22e5b78470a997708cd6c120ba97f8d3e0ff0841,/home/russell/data/index_options/ob,
A0128,acquire,backfill optionshist-chain/option_chain,2026-09-26T01:07:12+00:00,--root /home/russell/data/index_options/ob --source optionshist-chain --stream option_chain --mode backfill,5fc892d12c670905312c6b75eff0c805b59329bd7ad0a4d955f470824e53d7da,/home/russell/data/index_options/ob,
A0129,acquire,backfill optionshist-chain/option_chain,2026-09-26T01:08:57+00:00,--root /home/russell/data/index_options/ob --source optionshist-chain --stream option_chain --mode backfill,7ab82eaf14c9235dc5d285056b35c847bc2f3a2b494f6d525b503882a627b9be,/home/russell/data/index_options/ob,
A0130,acquire,backfill optionshist-chain/option_chain,2026-09-26T01:10:40+00:00,--root /home/russell/data/index_options/ob --source optionshist-chain --stream option_chain --mode backfill,f730f1234f5791ae26f99b5a4f00809d440ad7119352124f59b9a5e192419416,/home/russell/data/index_options/ob,
A0131,acquire,backfill optionshist-chain/option_chain,2026-09-26T01:12:36+00:00,--root /home/russell/data/index_options/ob --source optionshist-chain --stream option_chain --mode backfill,d406ba1b3aa4347ddde99fa340aab9ea62581e0a080c2a3501602c6ae9541449,/home/russell/data/index_options/ob,
A0132,acquire,backfill optionshist-chain/option_chain,2026-09-26T01:14:29+00:00,--root /home/russell/data/index_options/ob --source optionshist-chain --stream option_chain --mode backfill,aef102d9fa17ac4cb7a3315385db69c45b22300a16a3a6b9fee5a0ec4e689f42,/home/russell/data/index_options/ob,
A0133,acquire,backfill optionshist-chain/option_chain,2026-09-26T01:16:17+00:00,--root /home/russell/data/index_options/ob --source optionshist-chain --stream option_chain --mode backfill,6b55d97dfdc07debf12d4007b282a25bffd334621ab01c3702660334cfb477dd,/home/russell/data/index_options/ob,
A0134,acquire,backfill optionshist-chain/option_chain,2026-09-26T01:17:32+00:00,--root /home/russell/data/index_options/ob --source optionshist-chain --stream option_chain --mode backfill,b046ee87e29b0b0293b0fa44a697014e6643de298d157af3c5144bf80c233971,/home/russell/data/index_options/ob,
A0135,acquire,backfill optionshist-chain/option_chain,2026-09-26T01:17:33+00:00,--root /home/russell/data/index_options/ob --source optionshist-chain --stream option_chain --mode backfill,,/home/russell/data/index_options/ob,
A0136,acquire,backfill optionshist-chain/index_daily,2026-09-27T14:46:24+00:00,--root /home/russell/data/index_options/ob --source optionshist-chain --stream index_daily --mode backfill,a10a162a1fa68fcf22f4b6b28e3c27fbe4f95d6f76d72bb9a875220d655d2bd5,/home/russell/data/index_options/ob,
A0137,execute,index-options-grid-iwm-1-har-vix walk-forward,2026-09-27T14:54:49+00:00,index-options-grid-iwm-1-har-vix,/home/russell/dskit/children/index_options/pipeline_runs/index-options-grid-iwm-1-har-vix-walkforward-2026-09-27-22a2fa1c,/home/russell/dskit/children/index_options/pipeline_runs/index-options-grid-iwm-1-har-vix-walkforward-2026-09-27-22a2fa1c,state=ran folds=18 hash=22a2fa1c asof=2026-09-27
A0138,execute,staged plan,2026-09-27T14:55:00+00:00,/home/russell/dskit/children/index_options/configs/grid/iwm-1-zoo.json,/home/russell/dskit/children/index_options/pipeline_runs/index-options-grid-iwm-1-zoo-staged-2026-09-27-8f2a4b25/stages/plan.json,,stage_token=8f2a4b258060c468f6533b892f90a51b535aa36e465c22569cf34ac903d93abf:plan; state=ran; sha256=cbf2e1d0deadb683f72e5bfd78baae02613d544710440610802ae13231022d4d; reason=
A0139,execute,staged approval,2026-09-27T14:55:00+00:00,/home/russell/dskit/children/index_options/configs/grid/iwm-1-zoo.json,/home/russell/dskit/children/index_options/pipeline_runs/index-options-grid-iwm-1-zoo-staged-2026-09-27-8f2a4b25/stages/approval.json,,stage_token=8f2a4b258060c468f6533b892f90a51b535aa36e465c22569cf34ac903d93abf:approval; state=ran; sha256=20522b7fac067392eaeb44d70590d00c368c09e583d51554f2f17af52eef79c5; reason=
A0140,execute,staged run,2026-09-27T14:55:00+00:00,/home/russell/dskit/children/index_options/configs/grid/iwm-1-zoo.json,/home/russell/dskit/children/index_options/pipeline_runs/index-options-grid-iwm-1-zoo-staged-2026-09-27-8f2a4b25/stages/run.json,,stage_token=8f2a4b258060c468f6533b892f90a51b535aa36e465c22569cf34ac903d93abf:run; state=ran; sha256=2c2ff4b5cfa2c0e46f6bee32179ad2f65a2ed6d312205b59f40953011eda8266; reason=
A0141,execute,staged compare,2026-09-27T14:55:00+00:00,/home/russell/dskit/children/index_options/configs/grid/iwm-1-zoo.json,/home/russell/dskit/children/index_options/pipeline_runs/index-options-grid-iwm-1-zoo-staged-2026-09-27-8f2a4b25/stages/compare.json,,stage_token=8f2a4b258060c468f6533b892f90a51b535aa36e465c22569cf34ac903d93abf:compare; state=ran; sha256=305bfd98ca628894963aa334a5c24e79d841d252eb225cf053bf8b3eae9992cf; reason=
A0142,execute,staged plan,2026-09-27T14:55:00+00:00,/home/russell/dskit/children/index_options/configs/grid/iwm-14-zoo.json,/home/russell/dskit/children/index_options/pipeline_runs/index-options-grid-iwm-14-zoo-staged-2026-09-27-f00175c1/stages/plan.json,,stage_token=f00175c1d2b89593dbd146087a6983ec33ee1871dd9c18df4d90eabce759c929:plan; state=ran; sha256=47931edd6d075aabeecd64963547cf2a9e458e81390157a7e33cb39521f434a5; reason=
A0143,execute,staged approval,2026-09-27T14:55:00+00:00,/home/russell/dskit/children/index_options/configs/grid/iwm-14-zoo.json,/home/russell/dskit/children/index_options/pipeline_runs/index-options-grid-iwm-14-zoo-staged-2026-09-27-f00175c1/stages/approval.json,,stage_token=f00175c1d2b89593dbd146087a6983ec33ee1871dd9c18df4d90eabce759c929:approval; state=ran; sha256=44f4c4056894192372c2b8d97e29d1c0797d0865fb5a99fca8fbdf7b967e177a; reason=
A0144,execute,staged run,2026-09-27T14:55:00+00:00,/home/russell/dskit/children/index_options/configs/grid/iwm-14-zoo.json,/home/russell/dskit/children/index_options/pipeline_runs/index-options-grid-iwm-14-zoo-staged-2026-09-27-f00175c1/stages/run.json,,stage_token=f00175c1d2b89593dbd146087a6983ec33ee1871dd9c18df4d90eabce759c929:run; state=ran; sha256=a2d25fc99dc9143041ed19cebb939123b95c904cc767ac27265fd3f7990f0602; reason=
A0145,execute,staged compare,2026-09-27T14:55:00+00:00,/home/russell/dskit/children/index_options/configs/grid/iwm-14-zoo.json,/home/russell/dskit/children/index_options/pipeline_runs/index-options-grid-iwm-14-zoo-staged-2026-09-27-f00175c1/stages/compare.json,,stage_token=f00175c1d2b89593dbd146087a6983ec33ee1871dd9c18df4d90eabce759c929:compare; state=ran; sha256=505a21ddec5b5f87d9d5924b44932f3d9a54725f6985bcb823f310d1e49ba2fe; reason=
A0146,execute,staged plan,2026-09-27T14:55:00+00:00,/home/russell/dskit/children/index_options/configs/grid/iwm-2-3-zoo.json,/home/russell/dskit/children/index_options/pipeline_runs/index-options-grid-iwm-2-3-zoo-staged-2026-09-27-91e38f8d/stages/plan.json,,stage_token=91e38f8dc699499a7f4d6768aa9bbcc57c205c008dad2b8611db7392f6268d4a:plan; state=ran; sha256=478439c6d0a334ae07dfda155607323817fb4a41925d8fa26ce5fcd7dc17e0d6; reason=
A0147,execute,staged approval,2026-09-27T14:55:00+00:00,/home/russell/dskit/children/index_options/configs/grid/iwm-2-3-zoo.json,/home/russell/dskit/children/index_options/pipeline_runs/index-options-grid-iwm-2-3-zoo-staged-2026-09-27-91e38f8d/stages/approval.json,,stage_token=91e38f8dc699499a7f4d6768aa9bbcc57c205c008dad2b8611db7392f6268d4a:approval; state=ran; sha256=3d87c93ab65157fce22156ce5071718f36c99d1e1cceb8ea57f1d71b433c31ea; reason=
A0148,execute,staged run,2026-09-27T14:55:00+00:00,/home/russell/dskit/children/index_options/configs/grid/iwm-2-3-zoo.json,/home/russell/dskit/children/index_options/pipeline_runs/index-options-grid-iwm-2-3-zoo-staged-2026-09-27-91e38f8d/stages/run.json,,stage_token=91e38f8dc699499a7f4d6768aa9bbcc57c205c008dad2b8611db7392f6268d4a:run; state=ran; sha256=4ea2cb012c8a2c0022fda1e2eafdacd4f4b53e42c906a63b2f089cd6c329e9cd; reason=
A0149,execute,staged compare,2026-09-27T14:55:00+00:00,/home/russell/dskit/children/index_options/configs/grid/iwm-2-3-zoo.json,/home/russell/dskit/children/index_options/pipeline_runs/index-options-grid-iwm-2-3-zoo-staged-2026-09-27-91e38f8d/stages/compare.json,,stage_token=91e38f8dc699499a7f4d6768aa9bbcc57c205c008dad2b8611db7392f6268d4a:compare; state=ran; sha256=8f41e907076b27098a7b98c927bc73dd1f6756ac5cb277da3833ede37086a771; reason=
A0150,execute,staged plan,2026-09-27T14:55:00+00:00,/home/russell/dskit/children/index_options/configs/grid/iwm-21-zoo.json,/home/russell/dskit/children/index_options/pipeline_runs/index-options-grid-iwm-21-zoo-staged-2026-09-27-cf317f1b/stages/plan.json,,stage_token=cf317f1b93bae3e3241e0f90fcd269410abb5792740f05145ed6ac9dc80a0aca:plan; state=ran; sha256=67da303fec4d45d76073b22a94473a710cae8f030005a779f322b065ebd87bb3; reason=
A0151,execute,staged approval,2026-09-27T14:55:00+00:00,/home/russell/dskit/children/index_options/configs/grid/iwm-21-zoo.json,/home/russell/dskit/children/index_options/pipeline_runs/index-options-grid-iwm-21-zoo-staged-2026-09-27-cf317f1b/stages/approval.json,,stage_token=cf317f1b93bae3e3241e0f90fcd269410abb5792740f05145ed6ac9dc80a0aca:approval; state=ran; sha256=c848aca03c7febc0f6801a94df1a5f234e4c459504ddb86f77a05888030b9d1d; reason=
A0152,execute,staged run,2026-09-27T14:55:00+00:00,/home/russell/dskit/children/index_options/configs/grid/iwm-21-zoo.json,/home/russell/dskit/children/index_options/pipeline_runs/index-options-grid-iwm-21-zoo-staged-2026-09-27-cf317f1b/stages/run.json,,stage_token=cf317f1b93bae3e3241e0f90fcd269410abb5792740f05145ed6ac9dc80a0aca:run; state=ran; sha256=f9616cb638c1e2190fff33467274d467bce1a54eb53d07a5b225fd7e616c30e8; reason=
A0153,execute,staged compare,2026-09-27T14:55:00+00:00,/home/russell/dskit/children/index_options/configs/grid/iwm-21-zoo.json,/home/russell/dskit/children/index_options/pipeline_runs/index-options-grid-iwm-21-zoo-staged-2026-09-27-cf317f1b/stages/compare.json,,stage_token=cf317f1b93bae3e3241e0f90fcd269410abb5792740f05145ed6ac9dc80a0aca:compare; state=ran; sha256=7995cc916443425cc6992a230767ef4d2ff4d8c81c42e8d4f4c649b6eafe4066; reason=
A0154,execute,staged plan,2026-09-27T14:55:00+00:00,/home/russell/dskit/children/index_options/configs/grid/iwm-30-45-zoo.json,/home/russell/dskit/children/index_options/pipeline_runs/index-options-grid-iwm-30-45-zoo-staged-2026-09-27-131262ee/stages/plan.json,,stage_token=131262ee8ec945927b3588a1a440dd2c3a2035e2a4889377f8167791381d8fcd:plan; state=ran; sha256=6953cafc68fdd226f3b606cac0faac0977d0a8828f1c07e305202f8d275f4fd6; reason=
A0155,execute,staged approval,2026-09-27T14:55:00+00:00,/home/russell/dskit/children/index_options/configs/grid/iwm-30-45-zoo.json,/home/russell/dskit/children/index_options/pipeline_runs/index-options-grid-iwm-30-45-zoo-staged-2026-09-27-131262ee/stages/approval.json,,stage_token=131262ee8ec945927b3588a1a440dd2c3a2035e2a4889377f8167791381d8fcd:approval; state=ran; sha256=cdf89d5dc485553c9be19b6a43dee721b3b22f72115b83fd6d98f7ed291b88c7; reason=
A0156,execute,staged run,2026-09-27T14:55:00+00:00,/home/russell/dskit/children/index_options/configs/grid/iwm-30-45-zoo.json,/home/russell/dskit/children/index_options/pipeline_runs/index-options-grid-iwm-30-45-zoo-staged-2026-09-27-131262ee/stages/run.json,,stage_token=131262ee8ec945927b3588a1a440dd2c3a2035e2a4889377f8167791381d8fcd:run; state=ran; sha256=a3249a217dadc52d25e903422496ce7c42216a71131222d9691531032b1ae6bb; reason=
A0157,execute,staged compare,2026-09-27T14:55:00+00:00,/home/russell/dskit/children/index_options/configs/grid/iwm-30-45-zoo.json,/home/russell/dskit/children/index_options/pipeline_runs/index-options-grid-iwm-30-45-zoo-staged-2026-09-27-131262ee/stages/compare.json,,stage_token=131262ee8ec945927b3588a1a440dd2c3a2035e2a4889377f8167791381d8fcd:compare; state=ran; sha256=62ecbdbe694afb69c47882d6253bc0608836d76dc76fc678d098e71e88e6ac91; reason=
A0158,execute,staged plan,2026-09-27T14:55:00+00:00,/home/russell/dskit/children/index_options/configs/grid/iwm-5-zoo.json,/home/russell/dskit/children/index_options/pipeline_runs/index-options-grid-iwm-5-zoo-staged-2026-09-27-784c69ec/stages/plan.json,,stage_token=784c69ec7f6c4abd6325d818c0edcb8c5ada86cf1e34adbbe876eb3eeb6d4a2d:plan; state=ran; sha256=84b1bfb5cef8a35af0553169919647bc7e9107810e575ea258f3f15796d9d22a; reason=
A0159,execute,staged approval,2026-09-27T14:55:00+00:00,/home/russell/dskit/children/index_options/configs/grid/iwm-5-zoo.json,/home/russell/dskit/children/index_options/pipeline_runs/index-options-grid-iwm-5-zoo-staged-2026-09-27-784c69ec/stages/approval.json,,stage_token=784c69ec7f6c4abd6325d818c0edcb8c5ada86cf1e34adbbe876eb3eeb6d4a2d:approval; state=ran; sha256=70296ccabe0f2656d1f7cb2a222faf4b455a627e10d848e7acb2ec1f4c4b9ad3; reason=
A0160,execute,staged run,2026-09-27T14:55:00+00:00,/home/russell/dskit/children/index_options/configs/grid/iwm-5-zoo.json,/home/russell/dskit/children/index_options/pipeline_runs/index-options-grid-iwm-5-zoo-staged-2026-09-27-784c69ec/stages/run.json,,stage_token=784c69ec7f6c4abd6325d818c0edcb8c5ada86cf1e34adbbe876eb3eeb6d4a2d:run; state=ran; sha256=b482b41ddec4dcbfa36e48045a400910102004dbf3f303dfc472b757235dd9d3; reason=
A0161,execute,staged compare,2026-09-27T14:55:00+00:00,/home/russell/dskit/children/index_options/configs/grid/iwm-5-zoo.json,/home/russell/dskit/children/index_options/pipeline_runs/index-options-grid-iwm-5-zoo-staged-2026-09-27-784c69ec/stages/compare.json,,stage_token=784c69ec7f6c4abd6325d818c0edcb8c5ada86cf1e34adbbe876eb3eeb6d4a2d:compare; state=ran; sha256=536219b9864e16c67b4c4d773ddf0774d10e28b833b4bb80be5c2c342f26d6f2; reason=
A0162,execute,staged plan,2026-09-27T14:55:00+00:00,/home/russell/dskit/children/index_options/configs/grid/iwm-7-10-zoo.json,/home/russell/dskit/children/index_options/pipeline_runs/index-options-grid-iwm-7-10-zoo-staged-2026-09-27-dc73e8e3/stages/plan.json,,stage_token=dc73e8e37b67b4640155b08e6dea191198017feeeec20b6093e25a4aa88071c8:plan; state=ran; sha256=141521610929b7ac7e0c6380cbbfdb2436342d09de0efaf3b94489af95dfd44e; reason=
A0163,execute,staged approval,2026-09-27T14:55:00+00:00,/home/russell/dskit/children/index_options/configs/grid/iwm-7-10-zoo.json,/home/russell/dskit/children/index_options/pipeline_runs/index-options-grid-iwm-7-10-zoo-staged-2026-09-27-dc73e8e3/stages/approval.json,,stage_token=dc73e8e37b67b4640155b08e6dea191198017feeeec20b6093e25a4aa88071c8:approval; state=ran; sha256=6f93a0025a2c9da56c3591da9f3d55c21501b336df899449db21a9ed6c77a770; reason=
A0164,execute,staged run,2026-09-27T14:55:00+00:00,/home/russell/dskit/children/index_options/configs/grid/iwm-7-10-zoo.json,/home/russell/dskit/children/index_options/pipeline_runs/index-options-grid-iwm-7-10-zoo-staged-2026-09-27-dc73e8e3/stages/run.json,,stage_token=dc73e8e37b67b4640155b08e6dea191198017feeeec20b6093e25a4aa88071c8:run; state=ran; sha256=13a1093f9a54947856bb3a3383d3000a39dfb72958494feb43784ff9010a2acd; reason=
A0165,execute,staged compare,2026-09-27T14:55:00+00:00,/home/russell/dskit/children/index_options/configs/grid/iwm-7-10-zoo.json,/home/russell/dskit/children/index_options/pipeline_runs/index-options-grid-iwm-7-10-zoo-staged-2026-09-27-dc73e8e3/stages/compare.json,,stage_token=dc73e8e37b67b4640155b08e6dea191198017feeeec20b6093e25a4aa88071c8:compare; state=ran; sha256=dfc4fc0bdce7f7122abf65f0bc273101795c82732e6ab54fd6d3af659a59081d; reason=
A0166,execute,staged plan,2026-09-27T14:55:00+00:00,/home/russell/dskit/children/index_options/configs/grid/qqq-1-zoo.json,/home/russell/dskit/children/index_options/pipeline_runs/index-options-grid-qqq-1-zoo-staged-2026-09-27-131e4acd/stages/plan.json,,stage_token=131e4acd50747fb81112eb5011da4bd11219c944944ee8c7ccd83c900308fff8:plan; state=ran; sha256=8b0cd0785156c87c342c59e30cfe8aee20067e63970f9f94a592fa567901747b; reason=
A0167,execute,staged approval,2026-09-27T14:55:00+00:00,/home/russell/dskit/children/index_options/configs/grid/qqq-1-zoo.json,/home/russell/dskit/children/index_options/pipeline_runs/index-options-grid-qqq-1-zoo-staged-2026-09-27-131e4acd/stages/approval.json,,stage_token=131e4acd50747fb81112eb5011da4bd11219c944944ee8c7ccd83c900308fff8:approval; state=ran; sha256=0aa56d2b53a8cf2431361dae2ba3c06acb465d1e4b7d259330d09df1d03b6f02; reason=
A0168,execute,staged run,2026-09-27T14:55:00+00:00,/home/russell/dskit/children/index_options/configs/grid/qqq-1-zoo.json,/home/russell/dskit/children/index_options/pipeline_runs/index-options-grid-qqq-1-zoo-staged-2026-09-27-131e4acd/stages/run.json,,stage_token=131e4acd50747fb81112eb5011da4bd11219c944944ee8c7ccd83c900308fff8:run; state=ran; sha256=2b340fa5022d7fef57f6e964580f1827c7c61b566a0e93db5c674d2067be41d9; reason=
A0169,execute,staged compare,2026-09-27T14:55:00+00:00,/home/russell/dskit/children/index_options/configs/grid/qqq-1-zoo.json,/home/russell/dskit/children/index_options/pipeline_runs/index-options-grid-qqq-1-zoo-staged-2026-09-27-131e4acd/stages/compare.json,,stage_token=131e4acd50747fb81112eb5011da4bd11219c944944ee8c7ccd83c900308fff8:compare; state=ran; sha256=57f9dc0f31410cbb2f73c829903f337882f24e333142bbd9e6aaebde32766ffc; reason=
A0170,execute,staged plan,2026-09-27T14:55:00+00:00,/home/russell/dskit/children/index_options/configs/grid/qqq-14-zoo.json,/home/russell/dskit/children/index_options/pipeline_runs/index-options-grid-qqq-14-zoo-staged-2026-09-27-9868ce99/stages/plan.json,,stage_token=9868ce999e175a11f844fd6ae5cb21d54d90bac5f023f9ac27b257f4540f4fb3:plan; state=ran; sha256=5a43bc0ca42abef427000697ff291716cd9c75348c782124c09bb5ceee9ce45e; reason=
A0171,execute,staged approval,2026-09-27T14:55:00+00:00,/home/russell/dskit/children/index_options/configs/grid/qqq-14-zoo.json,/home/russell/dskit/children/index_options/pipeline_runs/index-options-grid-qqq-14-zoo-staged-2026-09-27-9868ce99/stages/approval.json,,stage_token=9868ce999e175a11f844fd6ae5cb21d54d90bac5f023f9ac27b257f4540f4fb3:approval; state=ran; sha256=01f8441e6b55d496ac6434f888bf8d11175938226d9d811729052dbe2676fa91; reason=
A0172,execute,staged run,2026-09-27T14:55:00+00:00,/home/russell/dskit/children/index_options/configs/grid/qqq-14-zoo.json,/home/russell/dskit/children/index_options/pipeline_runs/index-options-grid-qqq-14-zoo-staged-2026-09-27-9868ce99/stages/run.json,,stage_token=9868ce999e175a11f844fd6ae5cb21d54d90bac5f023f9ac27b257f4540f4fb3:run; state=ran; sha256=644c8344e9aea778a1616237e2b1fd347fc36c874c62af1eb2e38a2e33e5f37f; reason=
A0173,execute,staged compare,2026-09-27T14:55:00+00:00,/home/russell/dskit/children/index_options/configs/grid/qqq-14-zoo.json,/home/russell/dskit/children/index_options/pipeline_runs/index-options-grid-qqq-14-zoo-staged-2026-09-27-9868ce99/stages/compare.json,,stage_token=9868ce999e175a11f844fd6ae5cb21d54d90bac5f023f9ac27b257f4540f4fb3:compare; state=ran; sha256=4b33e9e7fa8aa104eccd4fe878b171574dbe8517b270ce1e6da3af5dce5b6fa3; reason=
A0174,execute,staged plan,2026-09-27T14:55:00+00:00,/home/russell/dskit/children/index_options/configs/grid/qqq-2-3-zoo.json,/home/russell/dskit/children/index_options/pipeline_runs/index-options-grid-qqq-2-3-zoo-staged-2026-09-27-9340b8b6/stages/plan.json,,stage_token=9340b8b673cb98a96baa976a5774ff4884c4dc7c71293738338d968ab8447e57:plan; state=ran; sha256=7066d7924a9a0de48b6f0793fb0447d97b153ac414ce2b82b93079033cf7f6be; reason=
A0175,execute,staged approval,2026-09-27T14:55:00+00:00,/home/russell/dskit/children/index_options/configs/grid/qqq-2-3-zoo.json,/home/russell/dskit/children/index_options/pipeline_runs/index-options-grid-qqq-2-3-zoo-staged-2026-09-27-9340b8b6/stages/approval.json,,stage_token=9340b8b673cb98a96baa976a5774ff4884c4dc7c71293738338d968ab8447e57:approval; state=ran; sha256=686c94340170ba4f5fce80371ecc56c1939bcf4668fe5c810cacd1a3c6b17a07; reason=
A0176,execute,staged run,2026-09-27T14:55:00+00:00,/home/russell/dskit/children/index_options/configs/grid/qqq-2-3-zoo.json,/home/russell/dskit/children/index_options/pipeline_runs/index-options-grid-qqq-2-3-zoo-staged-2026-09-27-9340b8b6/stages/run.json,,stage_token=9340b8b673cb98a96baa976a5774ff4884c4dc7c71293738338d968ab8447e57:run; state=ran; sha256=d222de9474d32b19fa2b2c97c02352dbdad0a05fa0a4edbf4c91f30ec00fa812; reason=
A0177,execute,staged compare,2026-09-27T14:55:00+00:00,/home/russell/dskit/children/index_options/configs/grid/qqq-2-3-zoo.json,/home/russell/dskit/children/index_options/pipeline_runs/index-options-grid-qqq-2-3-zoo-staged-2026-09-27-9340b8b6/stages/compare.json,,stage_token=9340b8b673cb98a96baa976a5774ff4884c4dc7c71293738338d968ab8447e57:compare; state=ran; sha256=7a8dd81951b57bd0619c767138f51adcaa926ebdaaa165f346dcdeeaf7dc8497; reason=
A0178,execute,staged plan,2026-09-27T14:55:00+00:00,/home/russell/dskit/children/index_options/configs/grid/qqq-21-zoo.json,/home/russell/dskit/children/index_options/pipeline_runs/index-options-grid-qqq-21-zoo-staged-2026-09-27-f7ae9c29/stages/plan.json,,stage_token=f7ae9c2979b71e164b5ac7c9914c47ca9ac9641fdb080135be5ffd6d43fc371d:plan; state=ran; sha256=7b38505a0906cb42b9dfa6c4f03ac68eaa36bd42d1faf901a71870f8b9478710; reason=
A0179,execute,staged approval,2026-09-27T14:55:00+00:00,/home/russell/dskit/children/index_options/configs/grid/qqq-21-zoo.json,/home/russell/dskit/children/index_options/pipeline_runs/index-options-grid-qqq-21-zoo-staged-2026-09-27-f7ae9c29/stages/approval.json,,stage_token=f7ae9c2979b71e164b5ac7c9914c47ca9ac9641fdb080135be5ffd6d43fc371d:approval; state=ran; sha256=85a0e410d35c11964e78b4826460a09a6bb4bf46ef87a98f0285dfd95ccede93; reason=
A0180,execute,staged run,2026-09-27T14:55:00+00:00,/home/russell/dskit/children/index_options/configs/grid/qqq-21-zoo.json,/home/russell/dskit/children/index_options/pipeline_runs/index-options-grid-qqq-21-zoo-staged-2026-09-27-f7ae9c29/stages/run.json,,stage_token=f7ae9c2979b71e164b5ac7c9914c47ca9ac9641fdb080135be5ffd6d43fc371d:run; state=ran; sha256=15a705e5c584ad0878c9b2ee8b9259277934455a08839eedcee946d2d1e2cc01; reason=
A0181,execute,staged compare,2026-09-27T14:55:00+00:00,/home/russell/dskit/children/index_options/configs/grid/qqq-21-zoo.json,/home/russell/dskit/children/index_options/pipeline_runs/index-options-grid-qqq-21-zoo-staged-2026-09-27-f7ae9c29/stages/compare.json,,stage_token=f7ae9c2979b71e164b5ac7c9914c47ca9ac9641fdb080135be5ffd6d43fc371d:compare; state=ran; sha256=619cd9a216b46c49d86cfa3c2195306e01c85358867fd435a0a15336dec04d72; reason=
A0182,execute,staged plan,2026-09-27T14:55:00+00:00,/home/russell/dskit/children/index_options/configs/grid/qqq-30-45-zoo.json,/home/russell/dskit/children/index_options/pipeline_runs/index-options-grid-qqq-30-45-zoo-staged-2026-09-27-949212ba/stages/plan.json,,stage_token=949212bad29a80ca609b0dc96bfd603aa144b8654b0702289d5bd2f0ec7e5a00:plan; state=ran; sha256=bd523f737dd21f458949367a90397799a50bb9b4954c95f5b17aeba6b563b2a8; reason=
A0183,execute,staged approval,2026-09-27T14:55:00+00:00,/home/russell/dskit/children/index_options/configs/grid/qqq-30-45-zoo.json,/home/russell/dskit/children/index_options/pipeline_runs/index-options-grid-qqq-30-45-zoo-staged-2026-09-27-949212ba/stages/approval.json,,stage_token=949212bad29a80ca609b0dc96bfd603aa144b8654b0702289d5bd2f0ec7e5a00:approval; state=ran; sha256=ad1e045fb03d07bcd5fcd12d67a1f3f5da163f01050286d466cae87fdeb7b10f; reason=
A0184,execute,staged run,2026-09-27T14:55:00+00:00,/home/russell/dskit/children/index_options/configs/grid/qqq-30-45-zoo.json,/home/russell/dskit/children/index_options/pipeline_runs/index-options-grid-qqq-30-45-zoo-staged-2026-09-27-949212ba/stages/run.json,,stage_token=949212bad29a80ca609b0dc96bfd603aa144b8654b0702289d5bd2f0ec7e5a00:run; state=ran; sha256=c717a39911f0688005ce31efb6d99a8ad68fd3f3539368dd671801f47f6c0d16; reason=
A0185,execute,staged compare,2026-09-27T14:55:00+00:00,/home/russell/dskit/children/index_options/configs/grid/qqq-30-45-zoo.json,/home/russell/dskit/children/index_options/pipeline_runs/index-options-grid-qqq-30-45-zoo-staged-2026-09-27-949212ba/stages/compare.json,,stage_token=949212bad29a80ca609b0dc96bfd603aa144b8654b0702289d5bd2f0ec7e5a00:compare; state=ran; sha256=a6b8416f446029777d8b06104ab26db40c74c8d1d14674a84bcad6c9da163026; reason=
A0186,execute,staged plan,2026-09-27T14:55:00+00:00,/home/russell/dskit/children/index_options/configs/grid/qqq-5-zoo.json,/home/russell/dskit/children/index_options/pipeline_runs/index-options-grid-qqq-5-zoo-staged-2026-09-27-36e26133/stages/plan.json,,stage_token=36e26133e57f206998b9d4794cbef246612a36571923d8c56bf797fa51a10d97:plan; state=ran; sha256=bea4f75800617bb8dfe0c54a87882604904ace8ab87fa15c5065c493ce303b1b; reason=
A0187,execute,staged approval,2026-09-27T14:55:00+00:00,/home/russell/dskit/children/index_options/configs/grid/qqq-5-zoo.json,/home/russell/dskit/children/index_options/pipeline_runs/index-options-grid-qqq-5-zoo-staged-2026-09-27-36e26133/stages/approval.json,,stage_token=36e26133e57f206998b9d4794cbef246612a36571923d8c56bf797fa51a10d97:approval; state=ran; sha256=f8d660d5a88914691da14bc06de5fd225a530a25111765f72e7ee24f27274228; reason=
A0188,execute,staged run,2026-09-27T14:55:00+00:00,/home/russell/dskit/children/index_options/configs/grid/qqq-5-zoo.json,/home/russell/dskit/children/index_options/pipeline_runs/index-options-grid-qqq-5-zoo-staged-2026-09-27-36e26133/stages/run.json,,stage_token=36e26133e57f206998b9d4794cbef246612a36571923d8c56bf797fa51a10d97:run; state=ran; sha256=054259707297b7f8035c198ae5dfff830462c929153b4024868b2bf0cf1bc6c6; reason=
A0189,execute,staged compare,2026-09-27T14:55:00+00:00,/home/russell/dskit/children/index_options/configs/grid/qqq-5-zoo.json,/home/russell/dskit/children/index_options/pipeline_runs/index-options-grid-qqq-5-zoo-staged-2026-09-27-36e26133/stages/compare.json,,stage_token=36e26133e57f206998b9d4794cbef246612a36571923d8c56bf797fa51a10d97:compare; state=ran; sha256=9583beb68d0a4a6e619fa2061f46a3498672c993eaa928f22efa92de54504051; reason=
A0190,execute,staged plan,2026-09-27T14:55:00+00:00,/home/russell/dskit/children/index_options/configs/grid/qqq-7-10-zoo.json,/home/russell/dskit/children/index_options/pipeline_runs/index-options-grid-qqq-7-10-zoo-staged-2026-09-27-a2eb4a59/stages/plan.json,,stage_token=a2eb4a59c4f924177f72a9154bd24c6bd9cb7e2d92d8856225d1081fe82ffa5c:plan; state=ran; sha256=6a8881e834a68988c90deb5a69b058722d2894cc8b67562e09f69db7f033ff15; reason=
A0191,execute,staged approval,2026-09-27T14:55:00+00:00,/home/russell/dskit/children/index_options/configs/grid/qqq-7-10-zoo.json,/home/russell/dskit/children/index_options/pipeline_runs/index-options-grid-qqq-7-10-zoo-staged-2026-09-27-a2eb4a59/stages/approval.json,,stage_token=a2eb4a59c4f924177f72a9154bd24c6bd9cb7e2d92d8856225d1081fe82ffa5c:approval; state=ran; sha256=4e66045b5c91e526561095d54eb2f1f54b0a51037e7edd7b8dd8424b98b908c6; reason=
A0192,execute,staged run,2026-09-27T14:55:00+00:00,/home/russell/dskit/children/index_options/configs/grid/qqq-7-10-zoo.json,/home/russell/dskit/children/index_options/pipeline_runs/index-options-grid-qqq-7-10-zoo-staged-2026-09-27-a2eb4a59/stages/run.json,,stage_token=a2eb4a59c4f924177f72a9154bd24c6bd9cb7e2d92d8856225d1081fe82ffa5c:run; state=ran; sha256=8007990a48c4cb995d32f21ce9a03174a1de263cf9cf3a1f6c9cd4672641acf4; reason=
A0193,execute,staged compare,2026-09-27T14:55:00+00:00,/home/russell/dskit/children/index_options/configs/grid/qqq-7-10-zoo.json,/home/russell/dskit/children/index_options/pipeline_runs/index-options-grid-qqq-7-10-zoo-staged-2026-09-27-a2eb4a59/stages/compare.json,,stage_token=a2eb4a59c4f924177f72a9154bd24c6bd9cb7e2d92d8856225d1081fe82ffa5c:compare; state=ran; sha256=63269433f5303d1db19550839cb66c45788f05897262f062c9af9e3169d2ac86; reason=
A0194,execute,staged plan,2026-09-27T14:55:00+00:00,/home/russell/dskit/children/index_options/configs/grid/spy-1-zoo.json,/home/russell/dskit/children/index_options/pipeline_runs/index-options-grid-spy-1-zoo-staged-2026-09-27-26265269/stages/plan.json,,stage_token=262652695156a166b6d2c08845eb03284c4d385edc65c72da168225c95afbe8c:plan; state=ran; sha256=65334be1f434c5d928f45ac7c538367e7ccf5e6d633e8533794acbcd35dec675; reason=
A0195,execute,staged approval,2026-09-27T14:55:00+00:00,/home/russell/dskit/children/index_options/configs/grid/spy-1-zoo.json,/home/russell/dskit/children/index_options/pipeline_runs/index-options-grid-spy-1-zoo-staged-2026-09-27-26265269/stages/approval.json,,stage_token=262652695156a166b6d2c08845eb03284c4d385edc65c72da168225c95afbe8c:approval; state=ran; sha256=378e99bf5959f9d0e3d9a54e2963250a05337b92b6062732489df23987320234; reason=
A0196,execute,staged run,2026-09-27T14:55:00+00:00,/home/russell/dskit/children/index_options/configs/grid/spy-1-zoo.json,/home/russell/dskit/children/index_options/pipeline_runs/index-options-grid-spy-1-zoo-staged-2026-09-27-26265269/stages/run.json,,stage_token=262652695156a166b6d2c08845eb03284c4d385edc65c72da168225c95afbe8c:run; state=ran; sha256=e5ad72fd50f494f4417c86915b429ce173539a4713ef848635229bf3e92934bc; reason=
A0197,execute,staged compare,2026-09-27T14:55:00+00:00,/home/russell/dskit/children/index_options/configs/grid/spy-1-zoo.json,/home/russell/dskit/children/index_options/pipeline_runs/index-options-grid-spy-1-zoo-staged-2026-09-27-26265269/stages/compare.json,,stage_token=262652695156a166b6d2c08845eb03284c4d385edc65c72da168225c95afbe8c:compare; state=ran; sha256=f48c520e4b7e787d9c020a92810712a86efb995b42005226f5392b0fff5f6b2a; reason=
A0198,execute,staged plan,2026-09-27T14:55:00+00:00,/home/russell/dskit/children/index_options/configs/grid/spy-14-zoo.json,/home/russell/dskit/children/index_options/pipeline_runs/index-options-grid-spy-14-zoo-staged-2026-09-27-5950fbac/stages/plan.json,,stage_token=5950fbaced790aaa15f9fee969e6b0dfe609cfaf6f93c73df87a33ad287f3c97:plan; state=ran; sha256=38b721617fed4ebdabe5724bdf6310a9f3495e1dfdd3bbbce2d6374a2cd53f72; reason=
A0199,execute,staged approval,2026-09-27T14:55:00+00:00,/home/russell/dskit/children/index_options/configs/grid/spy-14-zoo.json,/home/russell/dskit/children/index_options/pipeline_runs/index-options-grid-spy-14-zoo-staged-2026-09-27-5950fbac/stages/approval.json,,stage_token=5950fbaced790aaa15f9fee969e6b0dfe609cfaf6f93c73df87a33ad287f3c97:approval; state=ran; sha256=3da7a6a8699dfbd393d7a6e0a4650216e6ddc6094ea475c4c65e4eab49ae488c; reason=
A0200,execute,staged run,2026-09-27T14:55:00+00:00,/home/russell/dskit/children/index_options/configs/grid/spy-14-zoo.json,/home/russell/dskit/children/index_options/pipeline_runs/index-options-grid-spy-14-zoo-staged-2026-09-27-5950fbac/stages/run.json,,stage_token=5950fbaced790aaa15f9fee969e6b0dfe609cfaf6f93c73df87a33ad287f3c97:run; state=ran; sha256=3870b986cbde705ebc5ac2acb07a0e730ac5aba5a7abb84a4c91c4e70b44059c; reason=
A0201,execute,staged compare,2026-09-27T14:55:00+00:00,/home/russell/dskit/children/index_options/configs/grid/spy-14-zoo.json,/home/russell/dskit/children/index_options/pipeline_runs/index-options-grid-spy-14-zoo-staged-2026-09-27-5950fbac/stages/compare.json,,stage_token=5950fbaced790aaa15f9fee969e6b0dfe609cfaf6f93c73df87a33ad287f3c97:compare; state=ran; sha256=0abf96bdae50fcab4bb656ae305b62917de78faf7cd0557efa924dfdaa3fe6ac; reason=
A0202,execute,staged plan,2026-09-27T14:55:00+00:00,/home/russell/dskit/children/index_options/configs/grid/spy-2-3-zoo.json,/home/russell/dskit/children/index_options/pipeline_runs/index-options-grid-spy-2-3-zoo-staged-2026-09-27-7121b7d5/stages/plan.json,,stage_token=7121b7d5e7a9e045650071914260bc5ca605a706c7d984749049bbd5e0e95626:plan; state=ran; sha256=ccf76e55183aeebec9f044e97b066f5eee48545afc8973da0deff11a58da56bb; reason=
A0203,execute,staged approval,2026-09-27T14:55:01+00:00,/home/russell/dskit/children/index_options/configs/grid/spy-2-3-zoo.json,/home/russell/dskit/children/index_options/pipeline_runs/index-options-grid-spy-2-3-zoo-staged-2026-09-27-7121b7d5/stages/approval.json,,stage_token=7121b7d5e7a9e045650071914260bc5ca605a706c7d984749049bbd5e0e95626:approval; state=ran; sha256=4752049c5763a435d0fd914f93dea12b91fa18ecd3a0d3949af9cfbb98c54430; reason=
A0204,execute,staged run,2026-09-27T14:55:01+00:00,/home/russell/dskit/children/index_options/configs/grid/spy-2-3-zoo.json,/home/russell/dskit/children/index_options/pipeline_runs/index-options-grid-spy-2-3-zoo-staged-2026-09-27-7121b7d5/stages/run.json,,stage_token=7121b7d5e7a9e045650071914260bc5ca605a706c7d984749049bbd5e0e95626:run; state=ran; sha256=7ee23443f6eff6c47d36f59d193369a00dee274a8639c4464e8fdc2016603be5; reason=
A0205,execute,staged compare,2026-09-27T14:55:01+00:00,/home/russell/dskit/children/index_options/configs/grid/spy-2-3-zoo.json,/home/russell/dskit/children/index_options/pipeline_runs/index-options-grid-spy-2-3-zoo-staged-2026-09-27-7121b7d5/stages/compare.json,,stage_token=7121b7d5e7a9e045650071914260bc5ca605a706c7d984749049bbd5e0e95626:compare; state=ran; sha256=7c086bf5bcd9b4cb11781f34de02cef4968ad87ce2bb471a19c779f8d95e5143; reason=
A0206,execute,staged plan,2026-09-27T14:55:01+00:00,/home/russell/dskit/children/index_options/configs/grid/spy-21-zoo.json,/home/russell/dskit/children/index_options/pipeline_runs/index-options-grid-spy-21-zoo-staged-2026-09-27-5c4ef766/stages/plan.json,,stage_token=5c4ef766d91e3355e1ed1056b9fc444170b8ca925d322d7559354bc0fb8ecf19:plan; state=ran; sha256=702011c682d36193dadb8aa8bf908f7a1252ea686ba20a0e4d0c5cd25596fdf4; reason=
A0207,execute,staged approval,2026-09-27T14:55:01+00:00,/home/russell/dskit/children/index_options/configs/grid/spy-21-zoo.json,/home/russell/dskit/children/index_options/pipeline_runs/index-options-grid-spy-21-zoo-staged-2026-09-27-5c4ef766/stages/approval.json,,stage_token=5c4ef766d91e3355e1ed1056b9fc444170b8ca925d322d7559354bc0fb8ecf19:approval; state=ran; sha256=2274aef2359cb801b16cb6854c592f76b328f7c34e9fb91f391b050a9b1544a3; reason=
A0208,execute,staged run,2026-09-27T14:55:01+00:00,/home/russell/dskit/children/index_options/configs/grid/spy-21-zoo.json,/home/russell/dskit/children/index_options/pipeline_runs/index-options-grid-spy-21-zoo-staged-2026-09-27-5c4ef766/stages/run.json,,stage_token=5c4ef766d91e3355e1ed1056b9fc444170b8ca925d322d7559354bc0fb8ecf19:run; state=ran; sha256=d668cd3893b1dd8b4d25058eb9ba731c64caffb1233a04e855a3971111b08e69; reason=
A0209,execute,staged compare,2026-09-27T14:55:01+00:00,/home/russell/dskit/children/index_options/configs/grid/spy-21-zoo.json,/home/russell/dskit/children/index_options/pipeline_runs/index-options-grid-spy-21-zoo-staged-2026-09-27-5c4ef766/stages/compare.json,,stage_token=5c4ef766d91e3355e1ed1056b9fc444170b8ca925d322d7559354bc0fb8ecf19:compare; state=ran; sha256=343a6d438294f31ed5e5de65b1e3d7000348a3472e6fc5d0420c84f79f2efd15; reason=
A0210,execute,staged plan,2026-09-27T14:55:01+00:00,/home/russell/dskit/children/index_options/configs/grid/spy-30-45-zoo.json,/home/russell/dskit/children/index_options/pipeline_runs/index-options-grid-spy-30-45-zoo-staged-2026-09-27-68bdb21f/stages/plan.json,,stage_token=68bdb21fa1785ef8c7be9401fa19427908aacc5af50ff6520ac5804f09101e13:plan; state=ran; sha256=bfa04c360db306adb6a767798a5b390c3a7d866eadd5ed4a2f89ba5ca65843c8; reason=
A0211,execute,staged approval,2026-09-27T14:55:01+00:00,/home/russell/dskit/children/index_options/configs/grid/spy-30-45-zoo.json,/home/russell/dskit/children/index_options/pipeline_runs/index-options-grid-spy-30-45-zoo-staged-2026-09-27-68bdb21f/stages/approval.json,,stage_token=68bdb21fa1785ef8c7be9401fa19427908aacc5af50ff6520ac5804f09101e13:approval; state=ran; sha256=ba48e03c41747be61ae2119ca07acd71722f7a18da793cf303b4a4579220402f; reason=
A0212,execute,staged run,2026-09-27T14:55:01+00:00,/home/russell/dskit/children/index_options/configs/grid/spy-30-45-zoo.json,/home/russell/dskit/children/index_options/pipeline_runs/index-options-grid-spy-30-45-zoo-staged-2026-09-27-68bdb21f/stages/run.json,,stage_token=68bdb21fa1785ef8c7be9401fa19427908aacc5af50ff6520ac5804f09101e13:run; state=ran; sha256=5ca5d7291d81788a7f66c6b1ce3adaed91a24450c075e1cb58c590bb17923903; reason=
A0213,execute,staged compare,2026-09-27T14:55:01+00:00,/home/russell/dskit/children/index_options/configs/grid/spy-30-45-zoo.json,/home/russell/dskit/children/index_options/pipeline_runs/index-options-grid-spy-30-45-zoo-staged-2026-09-27-68bdb21f/stages/compare.json,,stage_token=68bdb21fa1785ef8c7be9401fa19427908aacc5af50ff6520ac5804f09101e13:compare; state=ran; sha256=8df322e34c44c8c1d505171fc98e4040921782e2173704df26f1ca442b629b5c; reason=
A0214,execute,staged plan,2026-09-27T14:55:01+00:00,/home/russell/dskit/children/index_options/configs/grid/spy-5-zoo.json,/home/russell/dskit/children/index_options/pipeline_runs/index-options-grid-spy-5-zoo-staged-2026-09-27-c2ee5b4c/stages/plan.json,,stage_token=c2ee5b4cdcc058ae603d517109f71c2e9aea91566316d23784b8e3b26904e893:plan; state=ran; sha256=f22f670c2197cf80c107b7da81a31fe159ef4c6e31534d10f97e8aa27a2bfde4; reason=
A0215,execute,staged approval,2026-09-27T14:55:01+00:00,/home/russell/dskit/children/index_options/configs/grid/spy-5-zoo.json,/home/russell/dskit/children/index_options/pipeline_runs/index-options-grid-spy-5-zoo-staged-2026-09-27-c2ee5b4c/stages/approval.json,,stage_token=c2ee5b4cdcc058ae603d517109f71c2e9aea91566316d23784b8e3b26904e893:approval; state=ran; sha256=6acabc7ec6eb5c8b6f136b1e5c03c631857be11e4c38b4f0721b6ca1dfaaae83; reason=
A0216,execute,staged run,2026-09-27T14:55:01+00:00,/home/russell/dskit/children/index_options/configs/grid/spy-5-zoo.json,/home/russell/dskit/children/index_options/pipeline_runs/index-options-grid-spy-5-zoo-staged-2026-09-27-c2ee5b4c/stages/run.json,,stage_token=c2ee5b4cdcc058ae603d517109f71c2e9aea91566316d23784b8e3b26904e893:run; state=ran; sha256=8c8612ff6d5846adddff3ea907ae2bf99728c7640016c59bc0d6725a51286b2d; reason=
A0217,execute,staged compare,2026-09-27T14:55:01+00:00,/home/russell/dskit/children/index_options/configs/grid/spy-5-zoo.json,/home/russell/dskit/children/index_options/pipeline_runs/index-options-grid-spy-5-zoo-staged-2026-09-27-c2ee5b4c/stages/compare.json,,stage_token=c2ee5b4cdcc058ae603d517109f71c2e9aea91566316d23784b8e3b26904e893:compare; state=ran; sha256=74e9ef8cca342afda17cc40dd43504217a62ca2788b04f95928f55b6c41c7214; reason=
A0218,execute,staged plan,2026-09-27T14:55:01+00:00,/home/russell/dskit/children/index_options/configs/grid/spy-7-10-zoo.json,/home/russell/dskit/children/index_options/pipeline_runs/index-options-grid-spy-7-10-zoo-staged-2026-09-27-1de7d447/stages/plan.json,,stage_token=1de7d44779407b48526273a93417729efa76c61329a7262936c0c4d4fedf1c10:plan; state=ran; sha256=24c391c6f6e1d19873d0c374c9c45d29ffafe8daffbf8358f72f06ba5a047bf7; reason=
A0219,execute,staged approval,2026-09-27T14:55:01+00:00,/home/russell/dskit/children/index_options/configs/grid/spy-7-10-zoo.json,/home/russell/dskit/children/index_options/pipeline_runs/index-options-grid-spy-7-10-zoo-staged-2026-09-27-1de7d447/stages/approval.json,,stage_token=1de7d44779407b48526273a93417729efa76c61329a7262936c0c4d4fedf1c10:approval; state=ran; sha256=cbbf3c0a152b173ee8a671ae8fce1f3c9d0ef7c81b25705fe70e60c06857e037; reason=
A0220,execute,staged run,2026-09-27T14:55:01+00:00,/home/russell/dskit/children/index_options/configs/grid/spy-7-10-zoo.json,/home/russell/dskit/children/index_options/pipeline_runs/index-options-grid-spy-7-10-zoo-staged-2026-09-27-1de7d447/stages/run.json,,stage_token=1de7d44779407b48526273a93417729efa76c61329a7262936c0c4d4fedf1c10:run; state=ran; sha256=b2ec541bb949034d008fc5f57a23c58f1fa50dc38640c2da801dce8d598bda55; reason=
A0221,execute,staged compare,2026-09-27T14:55:01+00:00,/home/russell/dskit/children/index_options/configs/grid/spy-7-10-zoo.json,/home/russell/dskit/children/index_options/pipeline_runs/index-options-grid-spy-7-10-zoo-staged-2026-09-27-1de7d447/stages/compare.json,,stage_token=1de7d44779407b48526273a93417729efa76c61329a7262936c0c4d4fedf1c10:compare; state=ran; sha256=f68a71587f578106926a2610bd5c3012aa12b5a89bc66baa3bf3407077a8f4fc; reason=
A0222,execute,index-options-grid-iwm-1-har-vix-hpo walk-forward,2026-09-27T14:58:18+00:00,index-options-grid-iwm-1-har-vix-hpo,/home/russell/dskit/children/index_options/pipeline_runs/index-options-grid-iwm-1-har-vix-hpo-walkforward-2026-09-27-dac8dde9,/home/russell/dskit/children/index_options/pipeline_runs/index-options-grid-iwm-1-har-vix-hpo-walkforward-2026-09-27-dac8dde9,state=ran folds=18 hash=dac8dde9 asof=2026-09-27
A0223,execute,index-options-grid-iwm-14-har-vix-hpo walk-forward,2026-09-27T15:01:51+00:00,index-options-grid-iwm-14-har-vix-hpo,/home/russell/dskit/children/index_options/pipeline_runs/index-options-grid-iwm-14-har-vix-hpo-walkforward-2026-09-27-2071403f,/home/russell/dskit/children/index_options/pipeline_runs/index-options-grid-iwm-14-har-vix-hpo-walkforward-2026-09-27-2071403f,state=ran folds=18 hash=2071403f asof=2026-09-27
A0224,execute,index-options-grid-qqq-14-har-vix-hpo walk-forward,2026-09-27T15:02:34+00:00,index-options-grid-qqq-14-har-vix-hpo,/home/russell/dskit/children/index_options/pipeline_runs/index-options-grid-qqq-14-har-vix-hpo-walkforward-2026-09-27-01f58e28,/home/russell/dskit/children/index_options/pipeline_runs/index-options-grid-qqq-14-har-vix-hpo-walkforward-2026-09-27-01f58e28,state=ran folds=15 hash=01f58e28 asof=2026-09-27
A0225,execute,staged plan,2026-09-27T15:03:59+00:00,/home/russell/dskit/children/index_options/configs/grid/iwm-1-zoo.json,/home/russell/dskit/children/index_options/pipeline_runs/index-options-grid-iwm-1-zoo-staged-2026-09-27-ce8474ce/stages/plan.json,,stage_token=ce8474ced984cac7fa7e0a15cdcb3f2e1e73eb90168b3ae021a43f1a704ea463:plan; state=ran; sha256=09e897ca5131546a43bfb2272635f7bad36a6ac6eea0a490602d5b79e3516a31; reason=
A0226,execute,staged approval,2026-09-27T15:03:59+00:00,/home/russell/dskit/children/index_options/configs/grid/iwm-1-zoo.json,/home/russell/dskit/children/index_options/pipeline_runs/index-options-grid-iwm-1-zoo-staged-2026-09-27-ce8474ce/stages/approval.json,,stage_token=ce8474ced984cac7fa7e0a15cdcb3f2e1e73eb90168b3ae021a43f1a704ea463:approval; state=ran; sha256=bb105cee3fff501d5519b14ef4f04b11131acee099af24f57fcf94098dc2372b; reason=
A0227,execute,index-options-grid-spy-14-har-vix-hpo walk-forward,2026-09-27T15:04:14+00:00,index-options-grid-spy-14-har-vix-hpo,/home/russell/dskit/children/index_options/pipeline_runs/index-options-grid-spy-14-har-vix-hpo-walkforward-2026-09-27-8d7711b6,/home/russell/dskit/children/index_options/pipeline_runs/index-options-grid-spy-14-har-vix-hpo-walkforward-2026-09-27-8d7711b6,state=ran folds=18 hash=8d7711b6 asof=2026-09-27
A0228,execute,index-options-grid-iwm-1-empirical walk-forward,2026-09-27T15:04:27+00:00,index-options-grid-iwm-1-empirical,/home/russell/dskit/children/index_options/pipeline_runs/index-options-grid-iwm-1-empirical-walkforward-2026-09-27-2019ec99,/home/russell/dskit/children/index_options/pipeline_runs/index-options-grid-iwm-1-empirical-walkforward-2026-09-27-2019ec99,state=ran folds=18 hash=2019ec99 asof=2026-09-27
A0229,execute,index-options-grid-iwm-1-vix walk-forward,2026-09-27T15:04:59+00:00,index-options-grid-iwm-1-vix,/home/russell/dskit/children/index_options/pipeline_runs/index-options-grid-iwm-1-vix-walkforward-2026-09-27-e5e54ae4,/home/russell/dskit/children/index_options/pipeline_runs/index-options-grid-iwm-1-vix-walkforward-2026-09-27-e5e54ae4,state=ran folds=18 hash=e5e54ae4 asof=2026-09-27
A0230,execute,staged run,2026-09-27T15:04:59+00:00,/home/russell/dskit/children/index_options/configs/grid/iwm-1-zoo.json,,,stage_token=ce8474ced984cac7fa7e0a15cdcb3f2e1e73eb90168b3ae021a43f1a704ea463:run; state=error; reason=ValueError: walk-forward summary dir /home/russell/dskit/children/index_options/pipeline_runs/index-options-grid-iwm-1-har-vix-walkforward-2026-09-27-22a2fa1c already exists and is not empty — same name+asof+identity means this exact evaluation already happened; remove it deliberately to repeat
A0231,execute,index-options-grid-qqq-1-har-vix walk-forward,2026-09-27T15:22:00+00:00,index-options-grid-qqq-1-har-vix,/home/russell/dskit/children/index_options/pipeline_runs/index-options-grid-qqq-1-har-vix-walkforward-2026-09-27-6c8e3d47,/home/russell/dskit/children/index_options/pipeline_runs/index-options-grid-qqq-1-har-vix-walkforward-2026-09-27-6c8e3d47,state=ran folds=15 hash=6c8e3d47 asof=2026-09-27
A0232,execute,staged plan,2026-09-27T15:22:00+00:00,/home/russell/dskit/children/index_options/configs/grid/qqq-1-zoo.json,/home/russell/dskit/children/index_options/pipeline_runs/index-options-grid-qqq-1-zoo-staged-2026-09-27-1617bd83/stages/plan.json,,stage_token=1617bd836eeda493a8b99a7bf03bab24e50c58be607613e38ba25dd2b9f32582:plan; state=ran; sha256=72572171d10d5445012a7df8cff32c4bf12c9553f09cf11b07a539cdb9841189; reason=
A0233,execute,staged approval,2026-09-27T15:22:00+00:00,/home/russell/dskit/children/index_options/configs/grid/qqq-1-zoo.json,/home/russell/dskit/children/index_options/pipeline_runs/index-options-grid-qqq-1-zoo-staged-2026-09-27-1617bd83/stages/approval.json,,stage_token=1617bd836eeda493a8b99a7bf03bab24e50c58be607613e38ba25dd2b9f32582:approval; state=ran; sha256=78c9c9aa38373fd5227f6b9a32099b0e6d815ba2d59f94184a619a9fbca86426; reason=
A0234,execute,index-options-grid-qqq-1-empirical walk-forward,2026-09-27T15:22:35+00:00,index-options-grid-qqq-1-empirical,/home/russell/dskit/children/index_options/pipeline_runs/index-options-grid-qqq-1-empirical-walkforward-2026-09-27-5bafb251,/home/russell/dskit/children/index_options/pipeline_runs/index-options-grid-qqq-1-empirical-walkforward-2026-09-27-5bafb251,state=ran folds=15 hash=5bafb251 asof=2026-09-27
A0235,execute,index-options-grid-qqq-1-vix walk-forward,2026-09-27T15:23:10+00:00,index-options-grid-qqq-1-vix,/home/russell/dskit/children/index_options/pipeline_runs/index-options-grid-qqq-1-vix-walkforward-2026-09-27-f9e5257c,/home/russell/dskit/children/index_options/pipeline_runs/index-options-grid-qqq-1-vix-walkforward-2026-09-27-f9e5257c,state=ran folds=15 hash=f9e5257c asof=2026-09-27
A0236,execute,staged run,2026-09-27T15:23:10+00:00,/home/russell/dskit/children/index_options/configs/grid/qqq-1-zoo.json,,,stage_token=1617bd836eeda493a8b99a7bf03bab24e50c58be607613e38ba25dd2b9f32582:run; state=error; reason=ValueError: walk-forward summary dir /home/russell/dskit/children/index_options/pipeline_runs/index-options-grid-qqq-1-har-vix-walkforward-2026-09-27-6c8e3d47 already exists and is not empty — same name+asof+identity means this exact evaluation already happened; remove it deliberately to repeat
A0237,execute,index-options-grid-spy-1-har-vix walk-forward,2026-09-27T15:23:14+00:00,index-options-grid-spy-1-har-vix,/home/russell/dskit/children/index_options/pipeline_runs/index-options-grid-spy-1-har-vix-walkforward-2026-09-27-241a660b,/home/russell/dskit/children/index_options/pipeline_runs/index-options-grid-spy-1-har-vix-walkforward-2026-09-27-241a660b,state=ran folds=18 hash=241a660b asof=2026-09-27
A0238,execute,staged plan,2026-09-27T15:23:14+00:00,/home/russell/dskit/children/index_options/configs/grid/spy-1-zoo.json,/home/russell/dskit/children/index_options/pipeline_runs/index-options-grid-spy-1-zoo-staged-2026-09-27-aa3ead7c/stages/plan.json,,stage_token=aa3ead7cc6cd6f665c47add93e44f04b8c9bbf321cd7cd88e27b1dc71b45f5ac:plan; state=ran; sha256=a1b645c59407a29222d5f37e00024634f8b9918240b859faef88b353680df833; reason=
A0239,execute,staged approval,2026-09-27T15:23:14+00:00,/home/russell/dskit/children/index_options/configs/grid/spy-1-zoo.json,/home/russell/dskit/children/index_options/pipeline_runs/index-options-grid-spy-1-zoo-staged-2026-09-27-aa3ead7c/stages/approval.json,,stage_token=aa3ead7cc6cd6f665c47add93e44f04b8c9bbf321cd7cd88e27b1dc71b45f5ac:approval; state=ran; sha256=ffe7d25d5f7725201670a216228516c99b2566419645af4dd92c0467e34dbb6d; reason=
A0240,execute,index-options-grid-spy-1-empirical walk-forward,2026-09-27T15:24:02+00:00,index-options-grid-spy-1-empirical,/home/russell/dskit/children/index_options/pipeline_runs/index-options-grid-spy-1-empirical-walkforward-2026-09-27-7dee45f9,/home/russell/dskit/children/index_options/pipeline_runs/index-options-grid-spy-1-empirical-walkforward-2026-09-27-7dee45f9,state=ran folds=18 hash=7dee45f9 asof=2026-09-27
A0241,execute,index-options-grid-spy-1-vix walk-forward,2026-09-27T15:24:49+00:00,index-options-grid-spy-1-vix,/home/russell/dskit/children/index_options/pipeline_runs/index-options-grid-spy-1-vix-walkforward-2026-09-27-32ebfba4,/home/russell/dskit/children/index_options/pipeline_runs/index-options-grid-spy-1-vix-walkforward-2026-09-27-32ebfba4,state=ran folds=18 hash=32ebfba4 asof=2026-09-27
A0242,execute,staged run,2026-09-27T15:24:49+00:00,/home/russell/dskit/children/index_options/configs/grid/spy-1-zoo.json,,,stage_token=aa3ead7cc6cd6f665c47add93e44f04b8c9bbf321cd7cd88e27b1dc71b45f5ac:run; state=error; reason=ValueError: walk-forward summary dir /home/russell/dskit/children/index_options/pipeline_runs/index-options-grid-spy-1-har-vix-walkforward-2026-09-27-241a660b already exists and is not empty — same name+asof+identity means this exact evaluation already happened; remove it deliberately to repeat
A0243,execute,index-options-grid-qqq-1-lightgbm-vix walk-forward,2026-09-27T15:35:01+00:00,index-options-grid-qqq-1-lightgbm-vix,/home/russell/dskit/children/index_options/pipeline_runs/index-options-grid-qqq-1-lightgbm-vix-walkforward-2026-09-27-9e228264,/home/russell/dskit/children/index_options/pipeline_runs/index-options-grid-qqq-1-lightgbm-vix-walkforward-2026-09-27-9e228264,state=ran folds=15 hash=9e228264 asof=2026-09-27
A0244,execute,staged run,2026-09-27T15:35:01+00:00,/home/russell/dskit/children/index_options/configs/grid/qqq-1-zoo.json,/home/russell/dskit/children/index_options/pipeline_runs/index-options-grid-qqq-1-zoo-staged-2026-09-27-1617bd83/stages/run.json,,stage_token=1617bd836eeda493a8b99a7bf03bab24e50c58be607613e38ba25dd2b9f32582:run; state=ran; sha256=6e9de1b9b9ef3d6d1c4b230aeadb0350b4e51b7e7d73eb183801b092806aedad; reason=
A0245,execute,staged compare,2026-09-27T15:35:02+00:00,/home/russell/dskit/children/index_options/configs/grid/qqq-1-zoo.json,/home/russell/dskit/children/index_options/pipeline_runs/index-options-grid-qqq-1-zoo-staged-2026-09-27-1617bd83/stages/compare.json,,stage_token=1617bd836eeda493a8b99a7bf03bab24e50c58be607613e38ba25dd2b9f32582:compare; state=ran; sha256=e97ef7d6da65e5285c3f91a8cb7864112a264d1d9143e2f026a5a7aca6886321; reason=
A0246,execute,index-options-grid-spy-1-lightgbm-vix walk-forward,2026-09-27T15:38:31+00:00,index-options-grid-spy-1-lightgbm-vix,/home/russell/dskit/children/index_options/pipeline_runs/index-options-grid-spy-1-lightgbm-vix-walkforward-2026-09-27-a6c4679d,/home/russell/dskit/children/index_options/pipeline_runs/index-options-grid-spy-1-lightgbm-vix-walkforward-2026-09-27-a6c4679d,state=ran folds=18 hash=a6c4679d asof=2026-09-27
A0247,execute,staged run,2026-09-27T15:38:31+00:00,/home/russell/dskit/children/index_options/configs/grid/spy-1-zoo.json,/home/russell/dskit/children/index_options/pipeline_runs/index-options-grid-spy-1-zoo-staged-2026-09-27-aa3ead7c/stages/run.json,,stage_token=aa3ead7cc6cd6f665c47add93e44f04b8c9bbf321cd7cd88e27b1dc71b45f5ac:run; state=ran; sha256=8d184d75b679b55c2de595457702422b7259f2c5d74dffd3fc7e4edf32707a70; reason=
A0248,execute,staged compare,2026-09-27T15:38:31+00:00,/home/russell/dskit/children/index_options/configs/grid/spy-1-zoo.json,/home/russell/dskit/children/index_options/pipeline_runs/index-options-grid-spy-1-zoo-staged-2026-09-27-aa3ead7c/stages/compare.json,,stage_token=aa3ead7cc6cd6f665c47add93e44f04b8c9bbf321cd7cd88e27b1dc71b45f5ac:compare; state=ran; sha256=f19d636812bb9514add49fc25cf58f1bdccc7870812251f9343549243faf2fad; reason=
A0249,execute,index-options-grid-qqq-14-har-vix walk-forward,2026-09-27T15:46:10+00:00,index-options-grid-qqq-14-har-vix,/home/russell/dskit/children/index_options/pipeline_runs/index-options-grid-qqq-14-har-vix-walkforward-2026-09-27-615b010b,/home/russell/dskit/children/index_options/pipeline_runs/index-options-grid-qqq-14-har-vix-walkforward-2026-09-27-615b010b,state=ran folds=15 hash=615b010b asof=2026-09-27
A0250,execute,staged plan,2026-09-27T15:46:10+00:00,/home/russell/dskit/children/index_options/configs/grid/qqq-14-zoo.json,/home/russell/dskit/children/index_options/pipeline_runs/index-options-grid-qqq-14-zoo-staged-2026-09-27-25f16ab5/stages/plan.json,,stage_token=25f16ab5c8a6a714641dc10c2e0a2dc959f99968d0f2f50b637145df8848624a:plan; state=ran; sha256=2a59657a08356358d3c554e9438ce69565899584d83248bd877942a7ed4f1ff6; reason=
A0251,execute,staged approval,2026-09-27T15:46:10+00:00,/home/russell/dskit/children/index_options/configs/grid/qqq-14-zoo.json,/home/russell/dskit/children/index_options/pipeline_runs/index-options-grid-qqq-14-zoo-staged-2026-09-27-25f16ab5/stages/approval.json,,stage_token=25f16ab5c8a6a714641dc10c2e0a2dc959f99968d0f2f50b637145df8848624a:approval; state=ran; sha256=9217bffa31c8e4aa2f90f30ecf6a6ed9dde7bad26b50b62b6095609cf16d5544; reason=
A0252,execute,index-options-grid-qqq-14-empirical walk-forward,2026-09-27T15:46:43+00:00,index-options-grid-qqq-14-empirical,/home/russell/dskit/children/index_options/pipeline_runs/index-options-grid-qqq-14-empirical-walkforward-2026-09-27-378e742c,/home/russell/dskit/children/index_options/pipeline_runs/index-options-grid-qqq-14-empirical-walkforward-2026-09-27-378e742c,state=ran folds=15 hash=378e742c asof=2026-09-27
A0253,execute,index-options-grid-qqq-14-vix walk-forward,2026-09-27T15:47:16+00:00,index-options-grid-qqq-14-vix,/home/russell/dskit/children/index_options/pipeline_runs/index-options-grid-qqq-14-vix-walkforward-2026-09-27-11cf2ab6,/home/russell/dskit/children/index_options/pipeline_runs/index-options-grid-qqq-14-vix-walkforward-2026-09-27-11cf2ab6,state=ran folds=15 hash=11cf2ab6 asof=2026-09-27
A0254,execute,staged run,2026-09-27T15:47:16+00:00,/home/russell/dskit/children/index_options/configs/grid/qqq-14-zoo.json,,,stage_token=25f16ab5c8a6a714641dc10c2e0a2dc959f99968d0f2f50b637145df8848624a:run; state=error; reason=ValueError: walk-forward summary dir /home/russell/dskit/children/index_options/pipeline_runs/index-options-grid-qqq-14-har-vix-walkforward-2026-09-27-615b010b already exists and is not empty — same name+asof+identity means this exact evaluation already happened; remove it deliberately to repeat
A0255,execute,index-options-grid-qqq-14-lightgbm-vix walk-forward,2026-09-27T15:48:16+00:00,index-options-grid-qqq-14-lightgbm-vix,/home/russell/dskit/children/index_options/pipeline_runs/index-options-grid-qqq-14-lightgbm-vix-walkforward-2026-09-27-c38895c6,/home/russell/dskit/children/index_options/pipeline_runs/index-options-grid-qqq-14-lightgbm-vix-walkforward-2026-09-27-c38895c6,state=ran folds=15 hash=c38895c6 asof=2026-09-27
A0256,execute,staged run,2026-09-27T15:48:16+00:00,/home/russell/dskit/children/index_options/configs/grid/qqq-14-zoo.json,/home/russell/dskit/children/index_options/pipeline_runs/index-options-grid-qqq-14-zoo-staged-2026-09-27-25f16ab5/stages/run.json,,stage_token=25f16ab5c8a6a714641dc10c2e0a2dc959f99968d0f2f50b637145df8848624a:run; state=ran; sha256=3c5517ba8dd3835b2d45c6b20ef83bd77f2e9dc0294b11ba63fbbed15d7e35b3; reason=
A0257,execute,staged compare,2026-09-27T15:48:16+00:00,/home/russell/dskit/children/index_options/configs/grid/qqq-14-zoo.json,/home/russell/dskit/children/index_options/pipeline_runs/index-options-grid-qqq-14-zoo-staged-2026-09-27-25f16ab5/stages/compare.json,,stage_token=25f16ab5c8a6a714641dc10c2e0a2dc959f99968d0f2f50b637145df8848624a:compare; state=ran; sha256=8647843cbffb6e94b063148921dc6727eedcaa38b00457e7dd04b629b33814af; reason=
A0258,execute,index-options-grid-spy-14-har-vix walk-forward,2026-09-27T15:50:49+00:00,index-options-grid-spy-14-har-vix,/home/russell/dskit/children/index_options/pipeline_runs/index-options-grid-spy-14-har-vix-walkforward-2026-09-27-42cca7ae,/home/russell/dskit/children/index_options/pipeline_runs/index-options-grid-spy-14-har-vix-walkforward-2026-09-27-42cca7ae,state=ran folds=18 hash=42cca7ae asof=2026-09-27
A0259,execute,staged plan,2026-09-27T15:50:49+00:00,/home/russell/dskit/children/index_options/configs/grid/spy-14-zoo.json,/home/russell/dskit/children/index_options/pipeline_runs/index-options-grid-spy-14-zoo-staged-2026-09-27-3581df9b/stages/plan.json,,stage_token=3581df9b698126aae929628e4329d5df5cb22e25be17c33a8dbf1d8aa8b0d57b:plan; state=ran; sha256=0337dd2af0dbf642dcdf548d7f00efa74fe75b6e1a78d9752d19799921f9d4af; reason=
A0260,execute,staged approval,2026-09-27T15:50:49+00:00,/home/russell/dskit/children/index_options/configs/grid/spy-14-zoo.json,/home/russell/dskit/children/index_options/pipeline_runs/index-options-grid-spy-14-zoo-staged-2026-09-27-3581df9b/stages/approval.json,,stage_token=3581df9b698126aae929628e4329d5df5cb22e25be17c33a8dbf1d8aa8b0d57b:approval; state=ran; sha256=276e01b59ef47bdba1ea414953b02b1f31d12d379bc72ffcdc387595ee1a926f; reason=
A0261,execute,index-options-grid-spy-14-empirical walk-forward,2026-09-27T15:51:31+00:00,index-options-grid-spy-14-empirical,/home/russell/dskit/children/index_options/pipeline_runs/index-options-grid-spy-14-empirical-walkforward-2026-09-27-9e273ea7,/home/russell/dskit/children/index_options/pipeline_runs/index-options-grid-spy-14-empirical-walkforward-2026-09-27-9e273ea7,state=ran folds=18 hash=9e273ea7 asof=2026-09-27
A0262,execute,index-options-grid-spy-14-vix walk-forward,2026-09-27T15:52:16+00:00,index-options-grid-spy-14-vix,/home/russell/dskit/children/index_options/pipeline_runs/index-options-grid-spy-14-vix-walkforward-2026-09-27-3ebf801f,/home/russell/dskit/children/index_options/pipeline_runs/index-options-grid-spy-14-vix-walkforward-2026-09-27-3ebf801f,state=ran folds=18 hash=3ebf801f asof=2026-09-27
A0263,execute,staged run,2026-09-27T15:52:16+00:00,/home/russell/dskit/children/index_options/configs/grid/spy-14-zoo.json,,,stage_token=3581df9b698126aae929628e4329d5df5cb22e25be17c33a8dbf1d8aa8b0d57b:run; state=error; reason=ValueError: walk-forward summary dir /home/russell/dskit/children/index_options/pipeline_runs/index-options-grid-spy-14-har-vix-walkforward-2026-09-27-42cca7ae already exists and is not empty — same name+asof+identity means this exact evaluation already happened; remove it deliberately to repeat
A0264,execute,index-options-grid-spy-14-lightgbm-vix walk-forward,2026-09-27T15:53:32+00:00,index-options-grid-spy-14-lightgbm-vix,/home/russell/dskit/children/index_options/pipeline_runs/index-options-grid-spy-14-lightgbm-vix-walkforward-2026-09-27-631225c5,/home/russell/dskit/children/index_options/pipeline_runs/index-options-grid-spy-14-lightgbm-vix-walkforward-2026-09-27-631225c5,state=ran folds=18 hash=631225c5 asof=2026-09-27
A0265,execute,staged run,2026-09-27T15:53:32+00:00,/home/russell/dskit/children/index_options/configs/grid/spy-14-zoo.json,/home/russell/dskit/children/index_options/pipeline_runs/index-options-grid-spy-14-zoo-staged-2026-09-27-3581df9b/stages/run.json,,stage_token=3581df9b698126aae929628e4329d5df5cb22e25be17c33a8dbf1d8aa8b0d57b:run; state=ran; sha256=a6ae9f040778e9f2d26b1e300c78752b7743c42e8f8107a278b0854cb971f426; reason=
A0266,execute,staged compare,2026-09-27T15:53:32+00:00,/home/russell/dskit/children/index_options/configs/grid/spy-14-zoo.json,/home/russell/dskit/children/index_options/pipeline_runs/index-options-grid-spy-14-zoo-staged-2026-09-27-3581df9b/stages/compare.json,,stage_token=3581df9b698126aae929628e4329d5df5cb22e25be17c33a8dbf1d8aa8b0d57b:compare; state=ran; sha256=f9111ef7eaba4b0ccf036e96d9fb8822cea7138bce30c600776639d1e472f298; reason=
A0267,execute,index-options-grid-qqq-2-3-har-vix walk-forward,2026-09-27T15:59:42+00:00,index-options-grid-qqq-2-3-har-vix,/home/russell/dskit/children/index_options/pipeline_runs/index-options-grid-qqq-2-3-har-vix-walkforward-2026-09-27-ee3234e2,/home/russell/dskit/children/index_options/pipeline_runs/index-options-grid-qqq-2-3-har-vix-walkforward-2026-09-27-ee3234e2,state=ran folds=15 hash=ee3234e2 asof=2026-09-27
A0268,execute,staged plan,2026-09-27T15:59:42+00:00,/home/russell/dskit/children/index_options/configs/grid/qqq-2-3-zoo.json,/home/russell/dskit/children/index_options/pipeline_runs/index-options-grid-qqq-2-3-zoo-staged-2026-09-27-454ee162/stages/plan.json,,stage_token=454ee162ddae8bea4e97b75d78366758445fe4f76c5206fba45edac74a4b5b26:plan; state=ran; sha256=aca5df317b798fef6e2cab09d149c991132b8b0e6db1a826fe7abc04d535605f; reason=
A0269,execute,staged approval,2026-09-27T15:59:43+00:00,/home/russell/dskit/children/index_options/configs/grid/qqq-2-3-zoo.json,/home/russell/dskit/children/index_options/pipeline_runs/index-options-grid-qqq-2-3-zoo-staged-2026-09-27-454ee162/stages/approval.json,,stage_token=454ee162ddae8bea4e97b75d78366758445fe4f76c5206fba45edac74a4b5b26:approval; state=ran; sha256=18ae67f680debfbbcf39b5f51e79ea2cb940ef1302e6d30ef98fddd1e87f5ae0; reason=
A0270,execute,index-options-grid-qqq-2-3-empirical walk-forward,2026-09-27T16:00:28+00:00,index-options-grid-qqq-2-3-empirical,/home/russell/dskit/children/index_options/pipeline_runs/index-options-grid-qqq-2-3-empirical-walkforward-2026-09-27-6ec05aad,/home/russell/dskit/children/index_options/pipeline_runs/index-options-grid-qqq-2-3-empirical-walkforward-2026-09-27-6ec05aad,state=ran folds=15 hash=6ec05aad asof=2026-09-27
A0271,execute,index-options-grid-qqq-2-3-vix walk-forward,2026-09-27T16:01:09+00:00,index-options-grid-qqq-2-3-vix,/home/russell/dskit/children/index_options/pipeline_runs/index-options-grid-qqq-2-3-vix-walkforward-2026-09-27-95c94b20,/home/russell/dskit/children/index_options/pipeline_runs/index-options-grid-qqq-2-3-vix-walkforward-2026-09-27-95c94b20,state=ran folds=15 hash=95c94b20 asof=2026-09-27
A0272,execute,staged run,2026-09-27T16:01:09+00:00,/home/russell/dskit/children/index_options/configs/grid/qqq-2-3-zoo.json,,,stage_token=454ee162ddae8bea4e97b75d78366758445fe4f76c5206fba45edac74a4b5b26:run; state=error; reason=ValueError: walk-forward summary dir /home/russell/dskit/children/index_options/pipeline_runs/index-options-grid-qqq-2-3-har-vix-walkforward-2026-09-27-ee3234e2 already exists and is not empty — same name+asof+identity means this exact evaluation already happened; remove it deliberately to repeat
A0273,execute,index-options-grid-qqq-2-3-lightgbm-vix walk-forward,2026-09-27T16:02:19+00:00,index-options-grid-qqq-2-3-lightgbm-vix,/home/russell/dskit/children/index_options/pipeline_runs/index-options-grid-qqq-2-3-lightgbm-vix-walkforward-2026-09-27-4681aaed,/home/russell/dskit/children/index_options/pipeline_runs/index-options-grid-qqq-2-3-lightgbm-vix-walkforward-2026-09-27-4681aaed,state=ran folds=15 hash=4681aaed asof=2026-09-27
A0274,execute,staged run,2026-09-27T16:02:19+00:00,/home/russell/dskit/children/index_options/configs/grid/qqq-2-3-zoo.json,/home/russell/dskit/children/index_options/pipeline_runs/index-options-grid-qqq-2-3-zoo-staged-2026-09-27-454ee162/stages/run.json,,stage_token=454ee162ddae8bea4e97b75d78366758445fe4f76c5206fba45edac74a4b5b26:run; state=ran; sha256=b69af5f3cc19d29f70d9d99a8324af8c3e5c525f740cd64e04b07648f68062d6; reason=
A0275,execute,staged compare,2026-09-27T16:02:19+00:00,/home/russell/dskit/children/index_options/configs/grid/qqq-2-3-zoo.json,/home/russell/dskit/children/index_options/pipeline_runs/index-options-grid-qqq-2-3-zoo-staged-2026-09-27-454ee162/stages/compare.json,,stage_token=454ee162ddae8bea4e97b75d78366758445fe4f76c5206fba45edac74a4b5b26:compare; state=ran; sha256=12ccec4c614f47dbfbe94fab39b6f9d44832a6019820f2c0683ddce0dabf0f25; reason=
A0276,execute,index-options-grid-spy-2-3-har-vix walk-forward,2026-09-27T16:06:00+00:00,index-options-grid-spy-2-3-har-vix,/home/russell/dskit/children/index_options/pipeline_runs/index-options-grid-spy-2-3-har-vix-walkforward-2026-09-27-5c695c17,/home/russell/dskit/children/index_options/pipeline_runs/index-options-grid-spy-2-3-har-vix-walkforward-2026-09-27-5c695c17,state=ran folds=18 hash=5c695c17 asof=2026-09-27
A0277,execute,staged plan,2026-09-27T16:06:00+00:00,/home/russell/dskit/children/index_options/configs/grid/spy-2-3-zoo.json,/home/russell/dskit/children/index_options/pipeline_runs/index-options-grid-spy-2-3-zoo-staged-2026-09-27-12c198b9/stages/plan.json,,stage_token=12c198b9d89e3558e6938f9261dde301bf2be322d6a8a3b4cc8d0f9a26895fe9:plan; state=ran; sha256=423b447965d1643d5025649e79f031ab95b270479c08e454508c470ab17059f9; reason=
A0278,execute,staged approval,2026-09-27T16:06:00+00:00,/home/russell/dskit/children/index_options/configs/grid/spy-2-3-zoo.json,/home/russell/dskit/children/index_options/pipeline_runs/index-options-grid-spy-2-3-zoo-staged-2026-09-27-12c198b9/stages/approval.json,,stage_token=12c198b9d89e3558e6938f9261dde301bf2be322d6a8a3b4cc8d0f9a26895fe9:approval; state=ran; sha256=1a2d2fe77c7750b815a7d4ec24ee7182bf26456b220b3acb7bbd0bf2868cab83; reason=
A0279,execute,index-options-grid-spy-2-3-empirical walk-forward,2026-09-27T16:07:01+00:00,index-options-grid-spy-2-3-empirical,/home/russell/dskit/children/index_options/pipeline_runs/index-options-grid-spy-2-3-empirical-walkforward-2026-09-27-00cecb1c,/home/russell/dskit/children/index_options/pipeline_runs/index-options-grid-spy-2-3-empirical-walkforward-2026-09-27-00cecb1c,state=ran folds=18 hash=00cecb1c asof=2026-09-27
A0280,execute,index-options-grid-spy-2-3-vix walk-forward,2026-09-27T16:08:01+00:00,index-options-grid-spy-2-3-vix,/home/russell/dskit/children/index_options/pipeline_runs/index-options-grid-spy-2-3-vix-walkforward-2026-09-27-4af78b36,/home/russell/dskit/children/index_options/pipeline_runs/index-options-grid-spy-2-3-vix-walkforward-2026-09-27-4af78b36,state=ran folds=18 hash=4af78b36 asof=2026-09-27
A0281,execute,staged run,2026-09-27T16:08:01+00:00,/home/russell/dskit/children/index_options/configs/grid/spy-2-3-zoo.json,,,stage_token=12c198b9d89e3558e6938f9261dde301bf2be322d6a8a3b4cc8d0f9a26895fe9:run; state=error; reason=ValueError: walk-forward summary dir /home/russell/dskit/children/index_options/pipeline_runs/index-options-grid-spy-2-3-har-vix-walkforward-2026-09-27-5c695c17 already exists and is not empty — same name+asof+identity means this exact evaluation already happened; remove it deliberately to repeat
A0282,execute,index-options-grid-spy-2-3-lightgbm-vix walk-forward,2026-09-27T16:09:31+00:00,index-options-grid-spy-2-3-lightgbm-vix,/home/russell/dskit/children/index_options/pipeline_runs/index-options-grid-spy-2-3-lightgbm-vix-walkforward-2026-09-27-980cd4d6,/home/russell/dskit/children/index_options/pipeline_runs/index-options-grid-spy-2-3-lightgbm-vix-walkforward-2026-09-27-980cd4d6,state=ran folds=18 hash=980cd4d6 asof=2026-09-27
A0283,execute,staged run,2026-09-27T16:09:31+00:00,/home/russell/dskit/children/index_options/configs/grid/spy-2-3-zoo.json,/home/russell/dskit/children/index_options/pipeline_runs/index-options-grid-spy-2-3-zoo-staged-2026-09-27-12c198b9/stages/run.json,,stage_token=12c198b9d89e3558e6938f9261dde301bf2be322d6a8a3b4cc8d0f9a26895fe9:run; state=ran; sha256=8edc5de6301712953e539dd8aee5c4e101d0cffd7364c9357bceb2ad7f335a9d; reason=
A0284,execute,staged compare,2026-09-27T16:09:31+00:00,/home/russell/dskit/children/index_options/configs/grid/spy-2-3-zoo.json,/home/russell/dskit/children/index_options/pipeline_runs/index-options-grid-spy-2-3-zoo-staged-2026-09-27-12c198b9/stages/compare.json,,stage_token=12c198b9d89e3558e6938f9261dde301bf2be322d6a8a3b4cc8d0f9a26895fe9:compare; state=ran; sha256=41ed94de91e8952107b6afb58ec06a61cae03fd98d58fe27adce7f7bc64c154f; reason=
A0285,execute,index-options-grid-qqq-21-har-vix walk-forward,2026-09-27T16:13:34+00:00,index-options-grid-qqq-21-har-vix,/home/russell/dskit/children/index_options/pipeline_runs/index-options-grid-qqq-21-har-vix-walkforward-2026-09-27-dd657013,/home/russell/dskit/children/index_options/pipeline_runs/index-options-grid-qqq-21-har-vix-walkforward-2026-09-27-dd657013,state=ran folds=15 hash=dd657013 asof=2026-09-27
A0286,execute,staged plan,2026-09-27T16:13:34+00:00,/home/russell/dskit/children/index_options/configs/grid/qqq-21-zoo.json,/home/russell/dskit/children/index_options/pipeline_runs/index-options-grid-qqq-21-zoo-staged-2026-09-27-a8e25ca4/stages/plan.json,,stage_token=a8e25ca4e1027ffbe15ce82d50c8c2f85389da2618128b3dc516594b132fdbca:plan; state=ran; sha256=36fbd111a79b16f7f743662e4e63c4a45dfbed62217b910b29979e1065adcbca; reason=
A0287,execute,staged approval,2026-09-27T16:13:34+00:00,/home/russell/dskit/children/index_options/configs/grid/qqq-21-zoo.json,/home/russell/dskit/children/index_options/pipeline_runs/index-options-grid-qqq-21-zoo-staged-2026-09-27-a8e25ca4/stages/approval.json,,stage_token=a8e25ca4e1027ffbe15ce82d50c8c2f85389da2618128b3dc516594b132fdbca:approval; state=ran; sha256=c7c317cff6ee4579670c376a84b4db98badc10f77270f34ff63f9a5ae7a0ecd8; reason=
A0288,execute,index-options-grid-qqq-21-empirical walk-forward,2026-09-27T16:14:05+00:00,index-options-grid-qqq-21-empirical,/home/russell/dskit/children/index_options/pipeline_runs/index-options-grid-qqq-21-empirical-walkforward-2026-09-27-05c5972e,/home/russell/dskit/children/index_options/pipeline_runs/index-options-grid-qqq-21-empirical-walkforward-2026-09-27-05c5972e,state=ran folds=15 hash=05c5972e asof=2026-09-27
A0289,execute,index-options-grid-qqq-21-vix walk-forward,2026-09-27T16:14:37+00:00,index-options-grid-qqq-21-vix,/home/russell/dskit/children/index_options/pipeline_runs/index-options-grid-qqq-21-vix-walkforward-2026-09-27-ac146c45,/home/russell/dskit/children/index_options/pipeline_runs/index-options-grid-qqq-21-vix-walkforward-2026-09-27-ac146c45,state=ran folds=15 hash=ac146c45 asof=2026-09-27
A0290,execute,staged run,2026-09-27T16:14:37+00:00,/home/russell/dskit/children/index_options/configs/grid/qqq-21-zoo.json,,,stage_token=a8e25ca4e1027ffbe15ce82d50c8c2f85389da2618128b3dc516594b132fdbca:run; state=error; reason=ValueError: walk-forward summary dir /home/russell/dskit/children/index_options/pipeline_runs/index-options-grid-qqq-21-har-vix-walkforward-2026-09-27-dd657013 already exists and is not empty — same name+asof+identity means this exact evaluation already happened; remove it deliberately to repeat
A0291,execute,index-options-grid-qqq-21-lightgbm-vix walk-forward,2026-09-27T16:15:32+00:00,index-options-grid-qqq-21-lightgbm-vix,/home/russell/dskit/children/index_options/pipeline_runs/index-options-grid-qqq-21-lightgbm-vix-walkforward-2026-09-27-66c46375,/home/russell/dskit/children/index_options/pipeline_runs/index-options-grid-qqq-21-lightgbm-vix-walkforward-2026-09-27-66c46375,state=ran folds=15 hash=66c46375 asof=2026-09-27
A0292,execute,staged run,2026-09-27T16:15:32+00:00,/home/russell/dskit/children/index_options/configs/grid/qqq-21-zoo.json,/home/russell/dskit/children/index_options/pipeline_runs/index-options-grid-qqq-21-zoo-staged-2026-09-27-a8e25ca4/stages/run.json,,stage_token=a8e25ca4e1027ffbe15ce82d50c8c2f85389da2618128b3dc516594b132fdbca:run; state=ran; sha256=1e8a037bc5e0fb5bb08e70c56fe26f6b0ca95a6612e2937fd051d9d8e1e98cb4; reason=
A0293,execute,staged compare,2026-09-27T16:15:32+00:00,/home/russell/dskit/children/index_options/configs/grid/qqq-21-zoo.json,/home/russell/dskit/children/index_options/pipeline_runs/index-options-grid-qqq-21-zoo-staged-2026-09-27-a8e25ca4/stages/compare.json,,stage_token=a8e25ca4e1027ffbe15ce82d50c8c2f85389da2618128b3dc516594b132fdbca:compare; state=ran; sha256=8a5f230956e11de67cd1e3a8d040c8e0aeaf28448ab21c631d57389ab3f18ce2; reason=
A0294,execute,index-options-grid-spy-21-har-vix walk-forward,2026-09-27T16:21:23+00:00,index-options-grid-spy-21-har-vix,/home/russell/dskit/children/index_options/pipeline_runs/index-options-grid-spy-21-har-vix-walkforward-2026-09-27-24c23f29,/home/russell/dskit/children/index_options/pipeline_runs/index-options-grid-spy-21-har-vix-walkforward-2026-09-27-24c23f29,state=ran folds=18 hash=24c23f29 asof=2026-09-27
A0295,execute,staged plan,2026-09-27T16:21:23+00:00,/home/russell/dskit/children/index_options/configs/grid/spy-21-zoo.json,/home/russell/dskit/children/index_options/pipeline_runs/index-options-grid-spy-21-zoo-staged-2026-09-27-9062a6a9/stages/plan.json,,stage_token=9062a6a9c40d48aeb3ded2d3df204861688f2dd3291e902da1c053fa33ded22d:plan; state=ran; sha256=68116268c5024c14d52a880f600581fbf72237d58ac4345c4aaafb176eb9859b; reason=
A0296,execute,staged approval,2026-09-27T16:21:23+00:00,/home/russell/dskit/children/index_options/configs/grid/spy-21-zoo.json,/home/russell/dskit/children/index_options/pipeline_runs/index-options-grid-spy-21-zoo-staged-2026-09-27-9062a6a9/stages/approval.json,,stage_token=9062a6a9c40d48aeb3ded2d3df204861688f2dd3291e902da1c053fa33ded22d:approval; state=ran; sha256=584bb69119803888416d81f598e3e64e2d56bf0aeaf00db1b73045f6be28147e; reason=
A0297,execute,index-options-grid-spy-21-empirical walk-forward,2026-09-27T16:22:05+00:00,index-options-grid-spy-21-empirical,/home/russell/dskit/children/index_options/pipeline_runs/index-options-grid-spy-21-empirical-walkforward-2026-09-27-5298be8c,/home/russell/dskit/children/index_options/pipeline_runs/index-options-grid-spy-21-empirical-walkforward-2026-09-27-5298be8c,state=ran folds=18 hash=5298be8c asof=2026-09-27
A0298,execute,index-options-grid-spy-21-vix walk-forward,2026-09-27T16:22:48+00:00,index-options-grid-spy-21-vix,/home/russell/dskit/children/index_options/pipeline_runs/index-options-grid-spy-21-vix-walkforward-2026-09-27-eec80a72,/home/russell/dskit/children/index_options/pipeline_runs/index-options-grid-spy-21-vix-walkforward-2026-09-27-eec80a72,state=ran folds=18 hash=eec80a72 asof=2026-09-27
A0299,execute,staged run,2026-09-27T16:22:48+00:00,/home/russell/dskit/children/index_options/configs/grid/spy-21-zoo.json,,,stage_token=9062a6a9c40d48aeb3ded2d3df204861688f2dd3291e902da1c053fa33ded22d:run; state=error; reason=ValueError: walk-forward summary dir /home/russell/dskit/children/index_options/pipeline_runs/index-options-grid-spy-21-har-vix-walkforward-2026-09-27-24c23f29 already exists and is not empty — same name+asof+identity means this exact evaluation already happened; remove it deliberately to repeat
A0300,execute,index-options-grid-spy-21-lightgbm-vix walk-forward,2026-09-27T16:23:59+00:00,index-options-grid-spy-21-lightgbm-vix,/home/russell/dskit/children/index_options/pipeline_runs/index-options-grid-spy-21-lightgbm-vix-walkforward-2026-09-27-b9eb1a7a,/home/russell/dskit/children/index_options/pipeline_runs/index-options-grid-spy-21-lightgbm-vix-walkforward-2026-09-27-b9eb1a7a,state=ran folds=18 hash=b9eb1a7a asof=2026-09-27
A0301,execute,staged run,2026-09-27T16:23:59+00:00,/home/russell/dskit/children/index_options/configs/grid/spy-21-zoo.json,/home/russell/dskit/children/index_options/pipeline_runs/index-options-grid-spy-21-zoo-staged-2026-09-27-9062a6a9/stages/run.json,,stage_token=9062a6a9c40d48aeb3ded2d3df204861688f2dd3291e902da1c053fa33ded22d:run; state=ran; sha256=232aefab3b2499de3581ef5265a9c9f9f41bfbe210c1eb0d5d76a7757d2c7ed4; reason=
A0302,execute,staged compare,2026-09-27T16:23:59+00:00,/home/russell/dskit/children/index_options/configs/grid/spy-21-zoo.json,/home/russell/dskit/children/index_options/pipeline_runs/index-options-grid-spy-21-zoo-staged-2026-09-27-9062a6a9/stages/compare.json,,stage_token=9062a6a9c40d48aeb3ded2d3df204861688f2dd3291e902da1c053fa33ded22d:compare; state=ran; sha256=1755f38628a8c1a0b5c9ac8505b763807387dffd265c128cffe66ea44f5badb2; reason=
A0303,execute,index-options-grid-qqq-30-45-har-vix walk-forward,2026-09-27T16:27:39+00:00,index-options-grid-qqq-30-45-har-vix,/home/russell/dskit/children/index_options/pipeline_runs/index-options-grid-qqq-30-45-har-vix-walkforward-2026-09-27-c9ce7bb6,/home/russell/dskit/children/index_options/pipeline_runs/index-options-grid-qqq-30-45-har-vix-walkforward-2026-09-27-c9ce7bb6,state=ran folds=15 hash=c9ce7bb6 asof=2026-09-27
A0304,execute,staged plan,2026-09-27T16:27:39+00:00,/home/russell/dskit/children/index_options/configs/grid/qqq-30-45-zoo.json,/home/russell/dskit/children/index_options/pipeline_runs/index-options-grid-qqq-30-45-zoo-staged-2026-09-27-aa71bfa6/stages/plan.json,,stage_token=aa71bfa6f5a3c340a3a6fc8b6c8be27f601a5e024bd3b439453beb1a05627a01:plan; state=ran; sha256=6da2d35041c27ce5569f0fddf7c7b180d32916b2dfb65e926941133854264a03; reason=
A0305,execute,staged approval,2026-09-27T16:27:39+00:00,/home/russell/dskit/children/index_options/configs/grid/qqq-30-45-zoo.json,/home/russell/dskit/children/index_options/pipeline_runs/index-options-grid-qqq-30-45-zoo-staged-2026-09-27-aa71bfa6/stages/approval.json,,stage_token=aa71bfa6f5a3c340a3a6fc8b6c8be27f601a5e024bd3b439453beb1a05627a01:approval; state=ran; sha256=79e9e224dd5b77405984eb36dd33c26f018a9494d6b2134d8b468911987092c9; reason=
A0306,execute,index-options-grid-qqq-30-45-empirical walk-forward,2026-09-27T16:28:53+00:00,index-options-grid-qqq-30-45-empirical,/home/russell/dskit/children/index_options/pipeline_runs/index-options-grid-qqq-30-45-empirical-walkforward-2026-09-27-76d74e5c,/home/russell/dskit/children/index_options/pipeline_runs/index-options-grid-qqq-30-45-empirical-walkforward-2026-09-27-76d74e5c,state=ran folds=15 hash=76d74e5c asof=2026-09-27
A0307,execute,index-options-grid-qqq-30-45-vix walk-forward,2026-09-27T16:30:06+00:00,index-options-grid-qqq-30-45-vix,/home/russell/dskit/children/index_options/pipeline_runs/index-options-grid-qqq-30-45-vix-walkforward-2026-09-27-08450e3a,/home/russell/dskit/children/index_options/pipeline_runs/index-options-grid-qqq-30-45-vix-walkforward-2026-09-27-08450e3a,state=ran folds=15 hash=08450e3a asof=2026-09-27
A0308,execute,staged run,2026-09-27T16:30:06+00:00,/home/russell/dskit/children/index_options/configs/grid/qqq-30-45-zoo.json,,,stage_token=aa71bfa6f5a3c340a3a6fc8b6c8be27f601a5e024bd3b439453beb1a05627a01:run; state=error; reason=ValueError: walk-forward summary dir /home/russell/dskit/children/index_options/pipeline_runs/index-options-grid-qqq-30-45-har-vix-walkforward-2026-09-27-c9ce7bb6 already exists and is not empty — same name+asof+identity means this exact evaluation already happened; remove it deliberately to repeat
A0309,execute,index-options-grid-qqq-30-45-lightgbm-vix walk-forward,2026-09-27T16:31:49+00:00,index-options-grid-qqq-30-45-lightgbm-vix,/home/russell/dskit/children/index_options/pipeline_runs/index-options-grid-qqq-30-45-lightgbm-vix-walkforward-2026-09-27-19880fb9,/home/russell/dskit/children/index_options/pipeline_runs/index-options-grid-qqq-30-45-lightgbm-vix-walkforward-2026-09-27-19880fb9,state=ran folds=15 hash=19880fb9 asof=2026-09-27
A0310,execute,staged run,2026-09-27T16:31:49+00:00,/home/russell/dskit/children/index_options/configs/grid/qqq-30-45-zoo.json,/home/russell/dskit/children/index_options/pipeline_runs/index-options-grid-qqq-30-45-zoo-staged-2026-09-27-aa71bfa6/stages/run.json,,stage_token=aa71bfa6f5a3c340a3a6fc8b6c8be27f601a5e024bd3b439453beb1a05627a01:run; state=ran; sha256=77d7776c00a93f2da5cf26e7a082aabc12d9ebe6247331aee404f69279b8506e; reason=
A0311,execute,staged compare,2026-09-27T16:31:49+00:00,/home/russell/dskit/children/index_options/configs/grid/qqq-30-45-zoo.json,/home/russell/dskit/children/index_options/pipeline_runs/index-options-grid-qqq-30-45-zoo-staged-2026-09-27-aa71bfa6/stages/compare.json,,stage_token=aa71bfa6f5a3c340a3a6fc8b6c8be27f601a5e024bd3b439453beb1a05627a01:compare; state=ran; sha256=cf0159470aa37c8487d6e2daf6a6f22479b4a5c0f4b78f96ed2060d380c199e5; reason=
A0312,execute,index-options-grid-spy-30-45-har-vix walk-forward,2026-09-27T16:37:38+00:00,index-options-grid-spy-30-45-har-vix,/home/russell/dskit/children/index_options/pipeline_runs/index-options-grid-spy-30-45-har-vix-walkforward-2026-09-27-5f83e090,/home/russell/dskit/children/index_options/pipeline_runs/index-options-grid-spy-30-45-har-vix-walkforward-2026-09-27-5f83e090,state=ran folds=18 hash=5f83e090 asof=2026-09-27
A0313,execute,staged plan,2026-09-27T16:37:38+00:00,/home/russell/dskit/children/index_options/configs/grid/spy-30-45-zoo.json,/home/russell/dskit/children/index_options/pipeline_runs/index-options-grid-spy-30-45-zoo-staged-2026-09-27-67eb5714/stages/plan.json,,stage_token=67eb5714abb8989ed50e25422026c13af543af4966b3c53b95805d401dbea5de:plan; state=ran; sha256=7b31d638472fa566445dfced5f50b2f8cbf6f8c622852aed2f7d54c572cfba11; reason=
A0314,execute,staged approval,2026-09-27T16:37:38+00:00,/home/russell/dskit/children/index_options/configs/grid/spy-30-45-zoo.json,/home/russell/dskit/children/index_options/pipeline_runs/index-options-grid-spy-30-45-zoo-staged-2026-09-27-67eb5714/stages/approval.json,,stage_token=67eb5714abb8989ed50e25422026c13af543af4966b3c53b95805d401dbea5de:approval; state=ran; sha256=fa117ea78f40fd0c43ac5a0463263bee4c4018c5bd1a112d1e17a4a71bac30a4; reason=
A0315,execute,index-options-grid-spy-30-45-empirical walk-forward,2026-09-27T16:39:30+00:00,index-options-grid-spy-30-45-empirical,/home/russell/dskit/children/index_options/pipeline_runs/index-options-grid-spy-30-45-empirical-walkforward-2026-09-27-6438c4c6,/home/russell/dskit/children/index_options/pipeline_runs/index-options-grid-spy-30-45-empirical-walkforward-2026-09-27-6438c4c6,state=ran folds=18 hash=6438c4c6 asof=2026-09-27
A0316,execute,index-options-grid-spy-30-45-vix walk-forward,2026-09-27T16:41:24+00:00,index-options-grid-spy-30-45-vix,/home/russell/dskit/children/index_options/pipeline_runs/index-options-grid-spy-30-45-vix-walkforward-2026-09-27-2cdbe990,/home/russell/dskit/children/index_options/pipeline_runs/index-options-grid-spy-30-45-vix-walkforward-2026-09-27-2cdbe990,state=ran folds=18 hash=2cdbe990 asof=2026-09-27
A0317,execute,staged run,2026-09-27T16:41:24+00:00,/home/russell/dskit/children/index_options/configs/grid/spy-30-45-zoo.json,,,stage_token=67eb5714abb8989ed50e25422026c13af543af4966b3c53b95805d401dbea5de:run; state=error; reason=ValueError: walk-forward summary dir /home/russell/dskit/children/index_options/pipeline_runs/index-options-grid-spy-30-45-har-vix-walkforward-2026-09-27-5f83e090 already exists and is not empty — same name+asof+identity means this exact evaluation already happened; remove it deliberately to repeat
A0318,execute,index-options-grid-qqq-5-har-vix walk-forward,2026-09-27T16:42:48+00:00,index-options-grid-qqq-5-har-vix,/home/russell/dskit/children/index_options/pipeline_runs/index-options-grid-qqq-5-har-vix-walkforward-2026-09-27-58931470,/home/russell/dskit/children/index_options/pipeline_runs/index-options-grid-qqq-5-har-vix-walkforward-2026-09-27-58931470,state=ran folds=15 hash=58931470 asof=2026-09-27
A0319,execute,staged plan,2026-09-27T16:42:48+00:00,/home/russell/dskit/children/index_options/configs/grid/qqq-5-zoo.json,/home/russell/dskit/children/index_options/pipeline_runs/index-options-grid-qqq-5-zoo-staged-2026-09-27-6094cb8e/stages/plan.json,,stage_token=6094cb8eb958fcc23d451c1407bc8c14b5d37bb1ba917d7bc92526119bbdda4c:plan; state=ran; sha256=6ed760bfa7974aebd9a8048ff8a5c8f11a33e0bc5fb5974f116bcc25553f2e90; reason=
A0320,execute,staged approval,2026-09-27T16:42:48+00:00,/home/russell/dskit/children/index_options/configs/grid/qqq-5-zoo.json,/home/russell/dskit/children/index_options/pipeline_runs/index-options-grid-qqq-5-zoo-staged-2026-09-27-6094cb8e/stages/approval.json,,stage_token=6094cb8eb958fcc23d451c1407bc8c14b5d37bb1ba917d7bc92526119bbdda4c:approval; state=ran; sha256=f8ec30165c3bea8231b06c60279320b703078c9fad06749bb61cdd55698874e7; reason=
A0321,execute,index-options-grid-qqq-5-empirical walk-forward,2026-09-27T16:43:18+00:00,index-options-grid-qqq-5-empirical,/home/russell/dskit/children/index_options/pipeline_runs/index-options-grid-qqq-5-empirical-walkforward-2026-09-27-380d75a0,/home/russell/dskit/children/index_options/pipeline_runs/index-options-grid-qqq-5-empirical-walkforward-2026-09-27-380d75a0,state=ran folds=15 hash=380d75a0 asof=2026-09-27
A0322,execute,index-options-grid-qqq-5-vix walk-forward,2026-09-27T16:43:49+00:00,index-options-grid-qqq-5-vix,/home/russell/dskit/children/index_options/pipeline_runs/index-options-grid-qqq-5-vix-walkforward-2026-09-27-4f39ce34,/home/russell/dskit/children/index_options/pipeline_runs/index-options-grid-qqq-5-vix-walkforward-2026-09-27-4f39ce34,state=ran folds=15 hash=4f39ce34 asof=2026-09-27
A0323,execute,staged run,2026-09-27T16:43:49+00:00,/home/russell/dskit/children/index_options/configs/grid/qqq-5-zoo.json,,,stage_token=6094cb8eb958fcc23d451c1407bc8c14b5d37bb1ba917d7bc92526119bbdda4c:run; state=error; reason=ValueError: walk-forward summary dir /home/russell/dskit/children/index_options/pipeline_runs/index-options-grid-qqq-5-har-vix-walkforward-2026-09-27-58931470 already exists and is not empty — same name+asof+identity means this exact evaluation already happened; remove it deliberately to repeat
A0324,execute,index-options-grid-spy-30-45-lightgbm-vix walk-forward,2026-09-27T16:43:52+00:00,index-options-grid-spy-30-45-lightgbm-vix,/home/russell/dskit/children/index_options/pipeline_runs/index-options-grid-spy-30-45-lightgbm-vix-walkforward-2026-09-27-58173c9b,/home/russell/dskit/children/index_options/pipeline_runs/index-options-grid-spy-30-45-lightgbm-vix-walkforward-2026-09-27-58173c9b,state=ran folds=18 hash=58173c9b asof=2026-09-27
A0325,execute,staged run,2026-09-27T16:43:52+00:00,/home/russell/dskit/children/index_options/configs/grid/spy-30-45-zoo.json,/home/russell/dskit/children/index_options/pipeline_runs/index-options-grid-spy-30-45-zoo-staged-2026-09-27-67eb5714/stages/run.json,,stage_token=67eb5714abb8989ed50e25422026c13af543af4966b3c53b95805d401dbea5de:run; state=ran; sha256=56ebf6f2e5f8795fa62a3b8e6e38eabeedd86e4c7ea2a8e8e841d8080ee4e923; reason=
A0326,execute,staged compare,2026-09-27T16:43:52+00:00,/home/russell/dskit/children/index_options/configs/grid/spy-30-45-zoo.json,/home/russell/dskit/children/index_options/pipeline_runs/index-options-grid-spy-30-45-zoo-staged-2026-09-27-67eb5714/stages/compare.json,,stage_token=67eb5714abb8989ed50e25422026c13af543af4966b3c53b95805d401dbea5de:compare; state=ran; sha256=af0a46b5423d9e5280e1cdf1eb8bfe38d2e81a9896bc605e022e0d6cf5992fb2; reason=
A0327,execute,index-options-grid-qqq-5-lightgbm-vix walk-forward,2026-09-27T16:44:42+00:00,index-options-grid-qqq-5-lightgbm-vix,/home/russell/dskit/children/index_options/pipeline_runs/index-options-grid-qqq-5-lightgbm-vix-walkforward-2026-09-27-4b50d850,/home/russell/dskit/children/index_options/pipeline_runs/index-options-grid-qqq-5-lightgbm-vix-walkforward-2026-09-27-4b50d850,state=ran folds=15 hash=4b50d850 asof=2026-09-27
A0328,execute,staged run,2026-09-27T16:44:42+00:00,/home/russell/dskit/children/index_options/configs/grid/qqq-5-zoo.json,/home/russell/dskit/children/index_options/pipeline_runs/index-options-grid-qqq-5-zoo-staged-2026-09-27-6094cb8e/stages/run.json,,stage_token=6094cb8eb958fcc23d451c1407bc8c14b5d37bb1ba917d7bc92526119bbdda4c:run; state=ran; sha256=9ad532390136c25d0edf61ec9ef3703ce54a8a28c7032ae1ff7585143fa545d3; reason=
A0329,execute,staged compare,2026-09-27T16:44:42+00:00,/home/russell/dskit/children/index_options/configs/grid/qqq-5-zoo.json,/home/russell/dskit/children/index_options/pipeline_runs/index-options-grid-qqq-5-zoo-staged-2026-09-27-6094cb8e/stages/compare.json,,stage_token=6094cb8eb958fcc23d451c1407bc8c14b5d37bb1ba917d7bc92526119bbdda4c:compare; state=ran; sha256=2f347a4741c53dfef1c599dcb58d7bec7978902072a9e30689ac893f4268acdb; reason=
A0330,execute,index-options-grid-iwm-1-har-vix-hpo-bounded2f walk-forward,2026-09-27T18:24:24+00:00,index-options-grid-iwm-1-har-vix-hpo-bounded2f,/home/russell/dskit/children/index_options/pipeline_runs/index-options-grid-iwm-1-har-vix-hpo-bounded2f-walkforward-2026-09-27-0950275b,/home/russell/dskit/children/index_options/pipeline_runs/index-options-grid-iwm-1-har-vix-hpo-bounded2f-walkforward-2026-09-27-0950275b,state=ran folds=2 hash=0950275b asof=2026-09-27
A0331,execute,staged run,2026-09-27T19:11:03+00:00,/home/russell/dskit/children/index_options/configs/grid/iwm-1-zoo.json,,,stage_token=ce8474ced984cac7fa7e0a15cdcb3f2e1e73eb90168b3ae021a43f1a704ea463:run; state=error; reason=FileNotFoundError: [Errno 2] No such file or directory: '/home/russell/dskit/children/index_options/pipeline_runs/index-options-grid-iwm-1-lightgbm-vix-walkforward-2026-09-27-995ac75a/walkforward.json'
A0332,execute,staged run,2026-09-27T19:11:03+00:00,/home/russell/dskit/children/index_options/configs/grid/iwm-1-zoo.json,,,stage_token=ce8474ced984cac7fa7e0a15cdcb3f2e1e73eb90168b3ae021a43f1a704ea463:run; state=error; reason=FileNotFoundError: [Errno 2] No such file or directory: '/home/russell/dskit/children/index_options/pipeline_runs/index-options-grid-iwm-1-lightgbm-vix-walkforward-2026-09-27-995ac75a/walkforward.json'
A0333,execute,staged run,2026-09-27T19:11:03+00:00,/home/russell/dskit/children/index_options/configs/grid/iwm-1-zoo.json,,,stage_token=ce8474ced984cac7fa7e0a15cdcb3f2e1e73eb90168b3ae021a43f1a704ea463:run; state=error; reason=FileNotFoundError: [Errno 2] No such file or directory: '/home/russell/dskit/children/index_options/pipeline_runs/index-options-grid-iwm-1-lightgbm-vix-walkforward-2026-09-27-995ac75a/walkforward.json'
A0334,execute,index-options-grid-iwm-21-har-vix-hpo-bounded2f walk-forward,2026-09-27T19:11:04+00:00,index-options-grid-iwm-21-har-vix-hpo-bounded2f,/home/russell/dskit/children/index_options/pipeline_runs/index-options-grid-iwm-21-har-vix-hpo-bounded2f-walkforward-2026-09-27-a51ad6da,/home/russell/dskit/children/index_options/pipeline_runs/index-options-grid-iwm-21-har-vix-hpo-bounded2f-walkforward-2026-09-27-a51ad6da,state=ran folds=2 hash=a51ad6da asof=2026-09-27
A0335,execute,index-options-grid-iwm-2-3-har-vix-hpo-bounded2f walk-forward,2026-09-27T19:11:04+00:00,index-options-grid-iwm-2-3-har-vix-hpo-bounded2f,/home/russell/dskit/children/index_options/pipeline_runs/index-options-grid-iwm-2-3-har-vix-hpo-bounded2f-walkforward-2026-09-27-941d9adc,/home/russell/dskit/children/index_options/pipeline_runs/index-options-grid-iwm-2-3-har-vix-hpo-bounded2f-walkforward-2026-09-27-941d9adc,state=ran folds=2 hash=941d9adc asof=2026-09-27
A0336,execute,index-options-grid-iwm-14-har-vix-hpo-bounded2f walk-forward,2026-09-27T19:11:04+00:00,index-options-grid-iwm-14-har-vix-hpo-bounded2f,/home/russell/dskit/children/index_options/pipeline_runs/index-options-grid-iwm-14-har-vix-hpo-bounded2f-walkforward-2026-09-27-a65b8d6a,/home/russell/dskit/children/index_options/pipeline_runs/index-options-grid-iwm-14-har-vix-hpo-bounded2f-walkforward-2026-09-27-a65b8d6a,state=ran folds=2 hash=a65b8d6a asof=2026-09-27
A0337,execute,index-options-grid-iwm-2-3-lightgbm-vix-hpo-bounded2f walk-forward,2026-09-27T19:21:23+00:00,index-options-grid-iwm-2-3-lightgbm-vix-hpo-bounded2f,/home/russell/dskit/children/index_options/pipeline_runs/index-options-grid-iwm-2-3-lightgbm-vix-hpo-bounded2f-walkforward-2026-09-27-d9f58e93,/home/russell/dskit/children/index_options/pipeline_runs/index-options-grid-iwm-2-3-lightgbm-vix-hpo-bounded2f-walkforward-2026-09-27-d9f58e93,state=error folds=1 hash=d9f58e93 asof=2026-09-27
A0338,execute,index-options-grid-iwm-1-lightgbm-vix walk-forward,2026-09-27T19:21:23+00:00,index-options-grid-iwm-1-lightgbm-vix,/home/russell/dskit/children/index_options/pipeline_runs/index-options-grid-iwm-1-lightgbm-vix-walkforward-2026-09-27-995ac75a,/home/russell/dskit/children/index_options/pipeline_runs/index-options-grid-iwm-1-lightgbm-vix-walkforward-2026-09-27-995ac75a,state=error folds=1 hash=995ac75a asof=2026-09-27
A0339,execute,index-options-grid-iwm-14-lightgbm-vix-hpo-bounded2f walk-forward,2026-09-27T19:21:23+00:00,index-options-grid-iwm-14-lightgbm-vix-hpo-bounded2f,/home/russell/dskit/children/index_options/pipeline_runs/index-options-grid-iwm-14-lightgbm-vix-hpo-bounded2f-walkforward-2026-09-27-4d330fcb,/home/russell/dskit/children/index_options/pipeline_runs/index-options-grid-iwm-14-lightgbm-vix-hpo-bounded2f-walkforward-2026-09-27-4d330fcb,state=error folds=1 hash=4d330fcb asof=2026-09-27
A0340,execute,index-options-grid-iwm-21-lightgbm-vix-hpo-bounded2f walk-forward,2026-09-27T19:21:23+00:00,index-options-grid-iwm-21-lightgbm-vix-hpo-bounded2f,/home/russell/dskit/children/index_options/pipeline_runs/index-options-grid-iwm-21-lightgbm-vix-hpo-bounded2f-walkforward-2026-09-27-8f39fb27,/home/russell/dskit/children/index_options/pipeline_runs/index-options-grid-iwm-21-lightgbm-vix-hpo-bounded2f-walkforward-2026-09-27-8f39fb27,state=error folds=1 hash=8f39fb27 asof=2026-09-27
A0341,execute,index-options-grid-iwm-1-lightgbm-vix-hpo-bounded2f walk-forward,2026-09-27T19:21:23+00:00,index-options-grid-iwm-1-lightgbm-vix-hpo-bounded2f,/home/russell/dskit/children/index_options/pipeline_runs/index-options-grid-iwm-1-lightgbm-vix-hpo-bounded2f-walkforward-2026-09-27-b5c7c36a,/home/russell/dskit/children/index_options/pipeline_runs/index-options-grid-iwm-1-lightgbm-vix-hpo-bounded2f-walkforward-2026-09-27-b5c7c36a,state=error folds=1 hash=b5c7c36a asof=2026-09-27
A0342,execute,index-options-grid-iwm-30-45-lightgbm-vix-hpo-bounded2f walk-forward,2026-09-27T19:21:58+00:00,index-options-grid-iwm-30-45-lightgbm-vix-hpo-bounded2f,/home/russell/dskit/children/index_options/pipeline_runs/index-options-grid-iwm-30-45-lightgbm-vix-hpo-bounded2f-walkforward-2026-09-27-b68d2f38,/home/russell/dskit/children/index_options/pipeline_runs/index-options-grid-iwm-30-45-lightgbm-vix-hpo-bounded2f-walkforward-2026-09-27-b68d2f38,state=ran folds=2 hash=b68d2f38 asof=2026-09-27
A0343,execute,index-options-grid-iwm-7-10-har-vix-hpo-bounded2f walk-forward,2026-09-27T19:30:24+00:00,index-options-grid-iwm-7-10-har-vix-hpo-bounded2f,/home/russell/dskit/children/index_options/pipeline_runs/index-options-grid-iwm-7-10-har-vix-hpo-bounded2f-walkforward-2026-09-27-ff482d85,/home/russell/dskit/children/index_options/pipeline_runs/index-options-grid-iwm-7-10-har-vix-hpo-bounded2f-walkforward-2026-09-27-ff482d85,state=ran folds=2 hash=ff482d85 asof=2026-09-27
A0344,execute,index-options-grid-iwm-30-45-har-vix-hpo-bounded2f walk-forward,2026-09-27T19:30:24+00:00,index-options-grid-iwm-30-45-har-vix-hpo-bounded2f,/home/russell/dskit/children/index_options/pipeline_runs/index-options-grid-iwm-30-45-har-vix-hpo-bounded2f-walkforward-2026-09-27-8d9e34cf,/home/russell/dskit/children/index_options/pipeline_runs/index-options-grid-iwm-30-45-har-vix-hpo-bounded2f-walkforward-2026-09-27-8d9e34cf,state=ran folds=2 hash=8d9e34cf asof=2026-09-27
A0345,execute,index-options-grid-iwm-5-har-vix-hpo-bounded2f walk-forward,2026-09-27T19:30:24+00:00,index-options-grid-iwm-5-har-vix-hpo-bounded2f,/home/russell/dskit/children/index_options/pipeline_runs/index-options-grid-iwm-5-har-vix-hpo-bounded2f-walkforward-2026-09-27-58dabf3c,/home/russell/dskit/children/index_options/pipeline_runs/index-options-grid-iwm-5-har-vix-hpo-bounded2f-walkforward-2026-09-27-58dabf3c,state=ran folds=2 hash=58dabf3c asof=2026-09-27
A0346,execute,index-options-grid-qqq-1-har-vix-hpo-bounded2f walk-forward,2026-09-27T19:30:29+00:00,index-options-grid-qqq-1-har-vix-hpo-bounded2f,/home/russell/dskit/children/index_options/pipeline_runs/index-options-grid-qqq-1-har-vix-hpo-bounded2f-walkforward-2026-09-27-a664d399,/home/russell/dskit/children/index_options/pipeline_runs/index-options-grid-qqq-1-har-vix-hpo-bounded2f-walkforward-2026-09-27-a664d399,state=ran folds=2 hash=a664d399 asof=2026-09-27
A0347,execute,index-options-grid-iwm-5-lightgbm-vix-hpo-bounded2f walk-forward,2026-09-27T19:30:39+00:00,index-options-grid-iwm-5-lightgbm-vix-hpo-bounded2f,/home/russell/dskit/children/index_options/pipeline_runs/index-options-grid-iwm-5-lightgbm-vix-hpo-bounded2f-walkforward-2026-09-27-59e29710,/home/russell/dskit/children/index_options/pipeline_runs/index-options-grid-iwm-5-lightgbm-vix-hpo-bounded2f-walkforward-2026-09-27-59e29710,state=ran folds=2 hash=59e29710 asof=2026-09-27
A0348,execute,index-options-grid-iwm-7-10-lightgbm-vix-hpo-bounded2f walk-forward,2026-09-27T19:30:39+00:00,index-options-grid-iwm-7-10-lightgbm-vix-hpo-bounded2f,/home/russell/dskit/children/index_options/pipeline_runs/index-options-grid-iwm-7-10-lightgbm-vix-hpo-bounded2f-walkforward-2026-09-27-76c40fea,/home/russell/dskit/children/index_options/pipeline_runs/index-options-grid-iwm-7-10-lightgbm-vix-hpo-bounded2f-walkforward-2026-09-27-76c40fea,state=ran folds=2 hash=76c40fea asof=2026-09-27
A0349,execute,index-options-grid-qqq-14-har-vix-hpo-bounded2f walk-forward,2026-09-27T19:30:44+00:00,index-options-grid-qqq-14-har-vix-hpo-bounded2f,/home/russell/dskit/children/index_options/pipeline_runs/index-options-grid-qqq-14-har-vix-hpo-bounded2f-walkforward-2026-09-27-7b753f1d,/home/russell/dskit/children/index_options/pipeline_runs/index-options-grid-qqq-14-har-vix-hpo-bounded2f-walkforward-2026-09-27-7b753f1d,state=ran folds=2 hash=7b753f1d asof=2026-09-27
A0350,execute,index-options-grid-qqq-2-3-har-vix-hpo-bounded2f walk-forward,2026-09-27T19:30:44+00:00,index-options-grid-qqq-2-3-har-vix-hpo-bounded2f,/home/russell/dskit/children/index_options/pipeline_runs/index-options-grid-qqq-2-3-har-vix-hpo-bounded2f-walkforward-2026-09-27-4c7dc600,/home/russell/dskit/children/index_options/pipeline_runs/index-options-grid-qqq-2-3-har-vix-hpo-bounded2f-walkforward-2026-09-27-4c7dc600,state=ran folds=2 hash=4c7dc600 asof=2026-09-27
A0351,execute,index-options-grid-qqq-1-lightgbm-vix-hpo-bounded2f walk-forward,2026-09-27T19:30:47+00:00,index-options-grid-qqq-1-lightgbm-vix-hpo-bounded2f,/home/russell/dskit/children/index_options/pipeline_runs/index-options-grid-qqq-1-lightgbm-vix-hpo-bounded2f-walkforward-2026-09-27-0dff2a7b,/home/russell/dskit/children/index_options/pipeline_runs/index-options-grid-qqq-1-lightgbm-vix-hpo-bounded2f-walkforward-2026-09-27-0dff2a7b,state=ran folds=2 hash=0dff2a7b asof=2026-09-27
A0352,execute,index-options-grid-qqq-21-har-vix-hpo-bounded2f walk-forward,2026-09-27T19:30:53+00:00,index-options-grid-qqq-21-har-vix-hpo-bounded2f,/home/russell/dskit/children/index_options/pipeline_runs/index-options-grid-qqq-21-har-vix-hpo-bounded2f-walkforward-2026-09-27-e6709f65,/home/russell/dskit/children/index_options/pipeline_runs/index-options-grid-qqq-21-har-vix-hpo-bounded2f-walkforward-2026-09-27-e6709f65,state=ran folds=2 hash=e6709f65 asof=2026-09-27
A0353,execute,index-options-grid-qqq-2-3-lightgbm-vix-hpo-bounded2f walk-forward,2026-09-27T19:31:05+00:00,index-options-grid-qqq-2-3-lightgbm-vix-hpo-bounded2f,/home/russell/dskit/children/index_options/pipeline_runs/index-options-grid-qqq-2-3-lightgbm-vix-hpo-bounded2f-walkforward-2026-09-27-117acffa,/home/russell/dskit/children/index_options/pipeline_runs/index-options-grid-qqq-2-3-lightgbm-vix-hpo-bounded2f-walkforward-2026-09-27-117acffa,state=ran folds=2 hash=117acffa asof=2026-09-27
A0354,execute,index-options-grid-qqq-14-lightgbm-vix-hpo-bounded2f walk-forward,2026-09-27T19:31:06+00:00,index-options-grid-qqq-14-lightgbm-vix-hpo-bounded2f,/home/russell/dskit/children/index_options/pipeline_runs/index-options-grid-qqq-14-lightgbm-vix-hpo-bounded2f-walkforward-2026-09-27-49c975b9,/home/russell/dskit/children/index_options/pipeline_runs/index-options-grid-qqq-14-lightgbm-vix-hpo-bounded2f-walkforward-2026-09-27-49c975b9,state=ran folds=2 hash=49c975b9 asof=2026-09-27
A0355,execute,index-options-grid-qqq-5-har-vix-hpo-bounded2f walk-forward,2026-09-27T19:31:07+00:00,index-options-grid-qqq-5-har-vix-hpo-bounded2f,/home/russell/dskit/children/index_options/pipeline_runs/index-options-grid-qqq-5-har-vix-hpo-bounded2f-walkforward-2026-09-27-8e411202,/home/russell/dskit/children/index_options/pipeline_runs/index-options-grid-qqq-5-har-vix-hpo-bounded2f-walkforward-2026-09-27-8e411202,state=ran folds=2 hash=8e411202 asof=2026-09-27
A0356,execute,index-options-grid-qqq-30-45-har-vix-hpo-bounded2f walk-forward,2026-09-27T19:31:08+00:00,index-options-grid-qqq-30-45-har-vix-hpo-bounded2f,/home/russell/dskit/children/index_options/pipeline_runs/index-options-grid-qqq-30-45-har-vix-hpo-bounded2f-walkforward-2026-09-27-93bc26cf,/home/russell/dskit/children/index_options/pipeline_runs/index-options-grid-qqq-30-45-har-vix-hpo-bounded2f-walkforward-2026-09-27-93bc26cf,state=ran folds=2 hash=93bc26cf asof=2026-09-27
A0357,execute,index-options-grid-qqq-21-lightgbm-vix-hpo-bounded2f walk-forward,2026-09-27T19:31:11+00:00,index-options-grid-qqq-21-lightgbm-vix-hpo-bounded2f,/home/russell/dskit/children/index_options/pipeline_runs/index-options-grid-qqq-21-lightgbm-vix-hpo-bounded2f-walkforward-2026-09-27-ee5bc2d7,/home/russell/dskit/children/index_options/pipeline_runs/index-options-grid-qqq-21-lightgbm-vix-hpo-bounded2f-walkforward-2026-09-27-ee5bc2d7,state=ran folds=2 hash=ee5bc2d7 asof=2026-09-27
A0358,execute,index-options-grid-qqq-7-10-har-vix-hpo-bounded2f walk-forward,2026-09-27T19:31:16+00:00,index-options-grid-qqq-7-10-har-vix-hpo-bounded2f,/home/russell/dskit/children/index_options/pipeline_runs/index-options-grid-qqq-7-10-har-vix-hpo-bounded2f-walkforward-2026-09-27-0699f95c,/home/russell/dskit/children/index_options/pipeline_runs/index-options-grid-qqq-7-10-har-vix-hpo-bounded2f-walkforward-2026-09-27-0699f95c,state=ran folds=2 hash=0699f95c asof=2026-09-27
A0359,execute,index-options-grid-qqq-5-lightgbm-vix-hpo-bounded2f walk-forward,2026-09-27T19:31:28+00:00,index-options-grid-qqq-5-lightgbm-vix-hpo-bounded2f,/home/russell/dskit/children/index_options/pipeline_runs/index-options-grid-qqq-5-lightgbm-vix-hpo-bounded2f-walkforward-2026-09-27-6662dbad,/home/russell/dskit/children/index_options/pipeline_runs/index-options-grid-qqq-5-lightgbm-vix-hpo-bounded2f-walkforward-2026-09-27-6662dbad,state=ran folds=2 hash=6662dbad asof=2026-09-27
A0360,execute,index-options-grid-qqq-30-45-lightgbm-vix-hpo-bounded2f walk-forward,2026-09-27T19:31:29+00:00,index-options-grid-qqq-30-45-lightgbm-vix-hpo-bounded2f,/home/russell/dskit/children/index_options/pipeline_runs/index-options-grid-qqq-30-45-lightgbm-vix-hpo-bounded2f-walkforward-2026-09-27-10d2f36a,/home/russell/dskit/children/index_options/pipeline_runs/index-options-grid-qqq-30-45-lightgbm-vix-hpo-bounded2f-walkforward-2026-09-27-10d2f36a,state=ran folds=2 hash=10d2f36a asof=2026-09-27
A0361,execute,index-options-grid-spy-14-har-vix-hpo-bounded2f walk-forward,2026-09-27T19:31:32+00:00,index-options-grid-spy-14-har-vix-hpo-bounded2f,/home/russell/dskit/children/index_options/pipeline_runs/index-options-grid-spy-14-har-vix-hpo-bounded2f-walkforward-2026-09-27-f3d426c9,/home/russell/dskit/children/index_options/pipeline_runs/index-options-grid-spy-14-har-vix-hpo-bounded2f-walkforward-2026-09-27-f3d426c9,state=ran folds=2 hash=f3d426c9 asof=2026-09-27
A0362,execute,index-options-grid-spy-1-har-vix-hpo-bounded2f walk-forward,2026-09-27T19:31:34+00:00,index-options-grid-spy-1-har-vix-hpo-bounded2f,/home/russell/dskit/children/index_options/pipeline_runs/index-options-grid-spy-1-har-vix-hpo-bounded2f-walkforward-2026-09-27-824074c8,/home/russell/dskit/children/index_options/pipeline_runs/index-options-grid-spy-1-har-vix-hpo-bounded2f-walkforward-2026-09-27-824074c8,state=ran folds=2 hash=824074c8 asof=2026-09-27
A0363,execute,index-options-grid-qqq-7-10-lightgbm-vix-hpo-bounded2f walk-forward,2026-09-27T19:31:37+00:00,index-options-grid-qqq-7-10-lightgbm-vix-hpo-bounded2f,/home/russell/dskit/children/index_options/pipeline_runs/index-options-grid-qqq-7-10-lightgbm-vix-hpo-bounded2f-walkforward-2026-09-27-94982dff,/home/russell/dskit/children/index_options/pipeline_runs/index-options-grid-qqq-7-10-lightgbm-vix-hpo-bounded2f-walkforward-2026-09-27-94982dff,state=ran folds=2 hash=94982dff asof=2026-09-27
A0364,execute,index-options-grid-spy-2-3-har-vix-hpo-bounded2f walk-forward,2026-09-27T19:31:40+00:00,index-options-grid-spy-2-3-har-vix-hpo-bounded2f,/home/russell/dskit/children/index_options/pipeline_runs/index-options-grid-spy-2-3-har-vix-hpo-bounded2f-walkforward-2026-09-27-b41f9678,/home/russell/dskit/children/index_options/pipeline_runs/index-options-grid-spy-2-3-har-vix-hpo-bounded2f-walkforward-2026-09-27-b41f9678,state=ran folds=2 hash=b41f9678 asof=2026-09-27
A0365,execute,index-options-grid-spy-14-lightgbm-vix-hpo-bounded2f walk-forward,2026-09-27T19:31:50+00:00,index-options-grid-spy-14-lightgbm-vix-hpo-bounded2f,/home/russell/dskit/children/index_options/pipeline_runs/index-options-grid-spy-14-lightgbm-vix-hpo-bounded2f-walkforward-2026-09-27-a85a220a,/home/russell/dskit/children/index_options/pipeline_runs/index-options-grid-spy-14-lightgbm-vix-hpo-bounded2f-walkforward-2026-09-27-a85a220a,state=ran folds=2 hash=a85a220a asof=2026-09-27
A0366,execute,index-options-grid-spy-1-lightgbm-vix-hpo-bounded2f walk-forward,2026-09-27T19:31:51+00:00,index-options-grid-spy-1-lightgbm-vix-hpo-bounded2f,/home/russell/dskit/children/index_options/pipeline_runs/index-options-grid-spy-1-lightgbm-vix-hpo-bounded2f-walkforward-2026-09-27-501e9f2c,/home/russell/dskit/children/index_options/pipeline_runs/index-options-grid-spy-1-lightgbm-vix-hpo-bounded2f-walkforward-2026-09-27-501e9f2c,state=ran folds=2 hash=501e9f2c asof=2026-09-27
A0367,execute,index-options-grid-spy-30-45-har-vix-hpo-bounded2f walk-forward,2026-09-27T19:31:55+00:00,index-options-grid-spy-30-45-har-vix-hpo-bounded2f,/home/russell/dskit/children/index_options/pipeline_runs/index-options-grid-spy-30-45-har-vix-hpo-bounded2f-walkforward-2026-09-27-f3212fc6,/home/russell/dskit/children/index_options/pipeline_runs/index-options-grid-spy-30-45-har-vix-hpo-bounded2f-walkforward-2026-09-27-f3212fc6,state=ran folds=2 hash=f3212fc6 asof=2026-09-27
A0368,execute,index-options-grid-spy-21-har-vix-hpo-bounded2f walk-forward,2026-09-27T19:31:56+00:00,index-options-grid-spy-21-har-vix-hpo-bounded2f,/home/russell/dskit/children/index_options/pipeline_runs/index-options-grid-spy-21-har-vix-hpo-bounded2f-walkforward-2026-09-27-aa626649,/home/russell/dskit/children/index_options/pipeline_runs/index-options-grid-spy-21-har-vix-hpo-bounded2f-walkforward-2026-09-27-aa626649,state=ran folds=2 hash=aa626649 asof=2026-09-27
A0369,execute,index-options-grid-spy-2-3-lightgbm-vix-hpo-bounded2f walk-forward,2026-09-27T19:31:59+00:00,index-options-grid-spy-2-3-lightgbm-vix-hpo-bounded2f,/home/russell/dskit/children/index_options/pipeline_runs/index-options-grid-spy-2-3-lightgbm-vix-hpo-bounded2f-walkforward-2026-09-27-be8997cd,/home/russell/dskit/children/index_options/pipeline_runs/index-options-grid-spy-2-3-lightgbm-vix-hpo-bounded2f-walkforward-2026-09-27-be8997cd,state=ran folds=2 hash=be8997cd asof=2026-09-27
A0370,execute,index-options-grid-spy-5-har-vix-hpo-bounded2f walk-forward,2026-09-27T19:32:05+00:00,index-options-grid-spy-5-har-vix-hpo-bounded2f,/home/russell/dskit/children/index_options/pipeline_runs/index-options-grid-spy-5-har-vix-hpo-bounded2f-walkforward-2026-09-27-82877abd,/home/russell/dskit/children/index_options/pipeline_runs/index-options-grid-spy-5-har-vix-hpo-bounded2f-walkforward-2026-09-27-82877abd,state=ran folds=2 hash=82877abd asof=2026-09-27
A0371,execute,index-options-grid-spy-30-45-lightgbm-vix-hpo-bounded2f walk-forward,2026-09-27T19:32:13+00:00,index-options-grid-spy-30-45-lightgbm-vix-hpo-bounded2f,/home/russell/dskit/children/index_options/pipeline_runs/index-options-grid-spy-30-45-lightgbm-vix-hpo-bounded2f-walkforward-2026-09-27-23c28a2f,/home/russell/dskit/children/index_options/pipeline_runs/index-options-grid-spy-30-45-lightgbm-vix-hpo-bounded2f-walkforward-2026-09-27-23c28a2f,state=ran folds=2 hash=23c28a2f asof=2026-09-27
A0372,execute,index-options-grid-spy-21-lightgbm-vix-hpo-bounded2f walk-forward,2026-09-27T19:32:14+00:00,index-options-grid-spy-21-lightgbm-vix-hpo-bounded2f,/home/russell/dskit/children/index_options/pipeline_runs/index-options-grid-spy-21-lightgbm-vix-hpo-bounded2f-walkforward-2026-09-27-34103c15,/home/russell/dskit/children/index_options/pipeline_runs/index-options-grid-spy-21-lightgbm-vix-hpo-bounded2f-walkforward-2026-09-27-34103c15,state=ran folds=2 hash=34103c15 asof=2026-09-27
A0373,execute,index-options-grid-spy-7-10-har-vix-hpo-bounded2f walk-forward,2026-09-27T19:32:19+00:00,index-options-grid-spy-7-10-har-vix-hpo-bounded2f,/home/russell/dskit/children/index_options/pipeline_runs/index-options-grid-spy-7-10-har-vix-hpo-bounded2f-walkforward-2026-09-27-88d020fe,/home/russell/dskit/children/index_options/pipeline_runs/index-options-grid-spy-7-10-har-vix-hpo-bounded2f-walkforward-2026-09-27-88d020fe,state=ran folds=2 hash=88d020fe asof=2026-09-27
A0374,execute,index-options-grid-spy-5-lightgbm-vix-hpo-bounded2f walk-forward,2026-09-27T19:32:22+00:00,index-options-grid-spy-5-lightgbm-vix-hpo-bounded2f,/home/russell/dskit/children/index_options/pipeline_runs/index-options-grid-spy-5-lightgbm-vix-hpo-bounded2f-walkforward-2026-09-27-1841d2ac,/home/russell/dskit/children/index_options/pipeline_runs/index-options-grid-spy-5-lightgbm-vix-hpo-bounded2f-walkforward-2026-09-27-1841d2ac,state=ran folds=2 hash=1841d2ac asof=2026-09-27
A0375,execute,index-options-grid-spy-7-10-lightgbm-vix-hpo-bounded2f walk-forward,2026-09-27T19:32:35+00:00,index-options-grid-spy-7-10-lightgbm-vix-hpo-bounded2f,/home/russell/dskit/children/index_options/pipeline_runs/index-options-grid-spy-7-10-lightgbm-vix-hpo-bounded2f-walkforward-2026-09-27-9b959060,/home/russell/dskit/children/index_options/pipeline_runs/index-options-grid-spy-7-10-lightgbm-vix-hpo-bounded2f-walkforward-2026-09-27-9b959060,state=ran folds=2 hash=9b959060 asof=2026-09-27
A0376,execute,index-options-grid-iwm-14-empirical walk-forward,2026-09-27T19:34:13+00:00,index-options-grid-iwm-14-empirical,/home/russell/dskit/children/index_options/pipeline_runs/index-options-grid-iwm-14-empirical-walkforward-2026-09-27-72a4f644,/home/russell/dskit/children/index_options/pipeline_runs/index-options-grid-iwm-14-empirical-walkforward-2026-09-27-72a4f644,state=ran folds=18 hash=72a4f644 asof=2026-09-27
A0377,execute,index-options-grid-iwm-14-vix walk-forward,2026-09-27T19:34:28+00:00,index-options-grid-iwm-14-vix,/home/russell/dskit/children/index_options/pipeline_runs/index-options-grid-iwm-14-vix-walkforward-2026-09-27-50c21610,/home/russell/dskit/children/index_options/pipeline_runs/index-options-grid-iwm-14-vix-walkforward-2026-09-27-50c21610,state=ran folds=18 hash=50c21610 asof=2026-09-27
A0378,execute,index-options-grid-iwm-14-har-vix walk-forward,2026-09-27T19:34:40+00:00,index-options-grid-iwm-14-har-vix,/home/russell/dskit/children/index_options/pipeline_runs/index-options-grid-iwm-14-har-vix-walkforward-2026-09-27-16e92195,/home/russell/dskit/children/index_options/pipeline_runs/index-options-grid-iwm-14-har-vix-walkforward-2026-09-27-16e92195,state=ran folds=18 hash=16e92195 asof=2026-09-27
A0379,execute,index-options-grid-iwm-14-lightgbm-vix walk-forward,2026-09-27T19:35:08+00:00,index-options-grid-iwm-14-lightgbm-vix,/home/russell/dskit/children/index_options/pipeline_runs/index-options-grid-iwm-14-lightgbm-vix-walkforward-2026-09-27-fa1ce948,/home/russell/dskit/children/index_options/pipeline_runs/index-options-grid-iwm-14-lightgbm-vix-walkforward-2026-09-27-fa1ce948,state=ran folds=18 hash=fa1ce948 asof=2026-09-27
A0380,execute,index-options-grid-iwm-2-3-empirical walk-forward,2026-09-27T19:35:24+00:00,index-options-grid-iwm-2-3-empirical,/home/russell/dskit/children/index_options/pipeline_runs/index-options-grid-iwm-2-3-empirical-walkforward-2026-09-27-cb8ba1d7,/home/russell/dskit/children/index_options/pipeline_runs/index-options-grid-iwm-2-3-empirical-walkforward-2026-09-27-cb8ba1d7,state=ran folds=18 hash=cb8ba1d7 asof=2026-09-27
A0381,execute,index-options-grid-iwm-2-3-vix walk-forward,2026-09-27T19:35:37+00:00,index-options-grid-iwm-2-3-vix,/home/russell/dskit/children/index_options/pipeline_runs/index-options-grid-iwm-2-3-vix-walkforward-2026-09-27-18512dfc,/home/russell/dskit/children/index_options/pipeline_runs/index-options-grid-iwm-2-3-vix-walkforward-2026-09-27-18512dfc,state=ran folds=18 hash=18512dfc asof=2026-09-27
A0382,execute,index-options-grid-iwm-2-3-har-vix walk-forward,2026-09-27T19:35:53+00:00,index-options-grid-iwm-2-3-har-vix,/home/russell/dskit/children/index_options/pipeline_runs/index-options-grid-iwm-2-3-har-vix-walkforward-2026-09-27-f36dbd95,/home/russell/dskit/children/index_options/pipeline_runs/index-options-grid-iwm-2-3-har-vix-walkforward-2026-09-27-f36dbd95,state=ran folds=18 hash=f36dbd95 asof=2026-09-27
A0383,execute,index-options-grid-iwm-2-3-lightgbm-vix walk-forward,2026-09-27T19:36:22+00:00,index-options-grid-iwm-2-3-lightgbm-vix,/home/russell/dskit/children/index_options/pipeline_runs/index-options-grid-iwm-2-3-lightgbm-vix-walkforward-2026-09-27-8e818c88,/home/russell/dskit/children/index_options/pipeline_runs/index-options-grid-iwm-2-3-lightgbm-vix-walkforward-2026-09-27-8e818c88,state=ran folds=18 hash=8e818c88 asof=2026-09-27
A0384,execute,index-options-grid-iwm-21-empirical walk-forward,2026-09-27T19:36:36+00:00,index-options-grid-iwm-21-empirical,/home/russell/dskit/children/index_options/pipeline_runs/index-options-grid-iwm-21-empirical-walkforward-2026-09-27-89abc63f,/home/russell/dskit/children/index_options/pipeline_runs/index-options-grid-iwm-21-empirical-walkforward-2026-09-27-89abc63f,state=ran folds=18 hash=89abc63f asof=2026-09-27
A0385,execute,index-options-grid-iwm-21-vix walk-forward,2026-09-27T19:36:52+00:00,index-options-grid-iwm-21-vix,/home/russell/dskit/children/index_options/pipeline_runs/index-options-grid-iwm-21-vix-walkforward-2026-09-27-5f6f4ba3,/home/russell/dskit/children/index_options/pipeline_runs/index-options-grid-iwm-21-vix-walkforward-2026-09-27-5f6f4ba3,state=ran folds=18 hash=5f6f4ba3 asof=2026-09-27
A0386,execute,index-options-grid-iwm-21-har-vix walk-forward,2026-09-27T19:37:07+00:00,index-options-grid-iwm-21-har-vix,/home/russell/dskit/children/index_options/pipeline_runs/index-options-grid-iwm-21-har-vix-walkforward-2026-09-27-d6a23329,/home/russell/dskit/children/index_options/pipeline_runs/index-options-grid-iwm-21-har-vix-walkforward-2026-09-27-d6a23329,state=ran folds=18 hash=d6a23329 asof=2026-09-27
A0387,execute,index-options-grid-iwm-21-lightgbm-vix walk-forward,2026-09-27T19:37:37+00:00,index-options-grid-iwm-21-lightgbm-vix,/home/russell/dskit/children/index_options/pipeline_runs/index-options-grid-iwm-21-lightgbm-vix-walkforward-2026-09-27-a6e36895,/home/russell/dskit/children/index_options/pipeline_runs/index-options-grid-iwm-21-lightgbm-vix-walkforward-2026-09-27-a6e36895,state=ran folds=18 hash=a6e36895 asof=2026-09-27
A0388,execute,index-options-grid-iwm-30-45-empirical walk-forward,2026-09-27T19:37:53+00:00,index-options-grid-iwm-30-45-empirical,/home/russell/dskit/children/index_options/pipeline_runs/index-options-grid-iwm-30-45-empirical-walkforward-2026-09-27-0dd46dc3,/home/russell/dskit/children/index_options/pipeline_runs/index-options-grid-iwm-30-45-empirical-walkforward-2026-09-27-0dd46dc3,state=ran folds=18 hash=0dd46dc3 asof=2026-09-27
A0389,execute,index-options-grid-iwm-30-45-vix walk-forward,2026-09-27T19:38:07+00:00,index-options-grid-iwm-30-45-vix,/home/russell/dskit/children/index_options/pipeline_runs/index-options-grid-iwm-30-45-vix-walkforward-2026-09-27-d25e78d6,/home/russell/dskit/children/index_options/pipeline_runs/index-options-grid-iwm-30-45-vix-walkforward-2026-09-27-d25e78d6,state=ran folds=18 hash=d25e78d6 asof=2026-09-27
A0390,execute,index-options-grid-iwm-30-45-har-vix walk-forward,2026-09-27T19:38:24+00:00,index-options-grid-iwm-30-45-har-vix,/home/russell/dskit/children/index_options/pipeline_runs/index-options-grid-iwm-30-45-har-vix-walkforward-2026-09-27-d9b52374,/home/russell/dskit/children/index_options/pipeline_runs/index-options-grid-iwm-30-45-har-vix-walkforward-2026-09-27-d9b52374,state=ran folds=18 hash=d9b52374 asof=2026-09-27
A0391,execute,index-options-grid-iwm-30-45-lightgbm-vix walk-forward,2026-09-27T19:38:54+00:00,index-options-grid-iwm-30-45-lightgbm-vix,/home/russell/dskit/children/index_options/pipeline_runs/index-options-grid-iwm-30-45-lightgbm-vix-walkforward-2026-09-27-b45be2b1,/home/russell/dskit/children/index_options/pipeline_runs/index-options-grid-iwm-30-45-lightgbm-vix-walkforward-2026-09-27-b45be2b1,state=ran folds=18 hash=b45be2b1 asof=2026-09-27
A0392,execute,index-options-grid-iwm-5-empirical walk-forward,2026-09-27T19:39:07+00:00,index-options-grid-iwm-5-empirical,/home/russell/dskit/children/index_options/pipeline_runs/index-options-grid-iwm-5-empirical-walkforward-2026-09-27-9d3f944b,/home/russell/dskit/children/index_options/pipeline_runs/index-options-grid-iwm-5-empirical-walkforward-2026-09-27-9d3f944b,state=ran folds=18 hash=9d3f944b asof=2026-09-27
A0393,execute,index-options-grid-iwm-5-vix walk-forward,2026-09-27T19:39:24+00:00,index-options-grid-iwm-5-vix,/home/russell/dskit/children/index_options/pipeline_runs/index-options-grid-iwm-5-vix-walkforward-2026-09-27-d8193d20,/home/russell/dskit/children/index_options/pipeline_runs/index-options-grid-iwm-5-vix-walkforward-2026-09-27-d8193d20,state=ran folds=18 hash=d8193d20 asof=2026-09-27
A0394,execute,index-options-grid-iwm-5-har-vix walk-forward,2026-09-27T19:39:38+00:00,index-options-grid-iwm-5-har-vix,/home/russell/dskit/children/index_options/pipeline_runs/index-options-grid-iwm-5-har-vix-walkforward-2026-09-27-f56bae5e,/home/russell/dskit/children/index_options/pipeline_runs/index-options-grid-iwm-5-har-vix-walkforward-2026-09-27-f56bae5e,state=ran folds=18 hash=f56bae5e asof=2026-09-27
A0395,execute,index-options-grid-iwm-5-lightgbm-vix walk-forward,2026-09-27T19:40:07+00:00,index-options-grid-iwm-5-lightgbm-vix,/home/russell/dskit/children/index_options/pipeline_runs/index-options-grid-iwm-5-lightgbm-vix-walkforward-2026-09-27-e14d4d83,/home/russell/dskit/children/index_options/pipeline_runs/index-options-grid-iwm-5-lightgbm-vix-walkforward-2026-09-27-e14d4d83,state=ran folds=18 hash=e14d4d83 asof=2026-09-27
A0396,execute,index-options-grid-iwm-7-10-empirical walk-forward,2026-09-27T19:40:24+00:00,index-options-grid-iwm-7-10-empirical,/home/russell/dskit/children/index_options/pipeline_runs/index-options-grid-iwm-7-10-empirical-walkforward-2026-09-27-8cf5bc92,/home/russell/dskit/children/index_options/pipeline_runs/index-options-grid-iwm-7-10-empirical-walkforward-2026-09-27-8cf5bc92,state=ran folds=18 hash=8cf5bc92 asof=2026-09-27
A0397,execute,index-options-grid-iwm-7-10-vix walk-forward,2026-09-27T19:40:38+00:00,index-options-grid-iwm-7-10-vix,/home/russell/dskit/children/index_options/pipeline_runs/index-options-grid-iwm-7-10-vix-walkforward-2026-09-27-8d4f0825,/home/russell/dskit/children/index_options/pipeline_runs/index-options-grid-iwm-7-10-vix-walkforward-2026-09-27-8d4f0825,state=ran folds=18 hash=8d4f0825 asof=2026-09-27
A0398,execute,index-options-grid-iwm-7-10-har-vix walk-forward,2026-09-27T19:40:55+00:00,index-options-grid-iwm-7-10-har-vix,/home/russell/dskit/children/index_options/pipeline_runs/index-options-grid-iwm-7-10-har-vix-walkforward-2026-09-27-34cb3364,/home/russell/dskit/children/index_options/pipeline_runs/index-options-grid-iwm-7-10-har-vix-walkforward-2026-09-27-34cb3364,state=ran folds=18 hash=34cb3364 asof=2026-09-27
A0399,execute,index-options-grid-qqq-7-10-empirical walk-forward,2026-09-27T19:41:16+00:00,index-options-grid-qqq-7-10-empirical,/home/russell/dskit/children/index_options/pipeline_runs/index-options-grid-qqq-7-10-empirical-walkforward-2026-09-27-51ba1ba0,/home/russell/dskit/children/index_options/pipeline_runs/index-options-grid-qqq-7-10-empirical-walkforward-2026-09-27-51ba1ba0,state=ran folds=15 hash=51ba1ba0 asof=2026-09-27
A0400,execute,index-options-grid-iwm-7-10-lightgbm-vix walk-forward,2026-09-27T19:41:25+00:00,index-options-grid-iwm-7-10-lightgbm-vix,/home/russell/dskit/children/index_options/pipeline_runs/index-options-grid-iwm-7-10-lightgbm-vix-walkforward-2026-09-27-32a047e1,/home/russell/dskit/children/index_options/pipeline_runs/index-options-grid-iwm-7-10-lightgbm-vix-walkforward-2026-09-27-32a047e1,state=ran folds=18 hash=32a047e1 asof=2026-09-27
A0401,execute,index-options-grid-qqq-7-10-vix walk-forward,2026-09-27T19:41:52+00:00,index-options-grid-qqq-7-10-vix,/home/russell/dskit/children/index_options/pipeline_runs/index-options-grid-qqq-7-10-vix-walkforward-2026-09-27-5af8938b,/home/russell/dskit/children/index_options/pipeline_runs/index-options-grid-qqq-7-10-vix-walkforward-2026-09-27-5af8938b,state=ran folds=15 hash=5af8938b asof=2026-09-27
A0402,execute,index-options-grid-qqq-7-10-har-vix walk-forward,2026-09-27T19:42:28+00:00,index-options-grid-qqq-7-10-har-vix,/home/russell/dskit/children/index_options/pipeline_runs/index-options-grid-qqq-7-10-har-vix-walkforward-2026-09-27-e754910d,/home/russell/dskit/children/index_options/pipeline_runs/index-options-grid-qqq-7-10-har-vix-walkforward-2026-09-27-e754910d,state=ran folds=15 hash=e754910d asof=2026-09-27
A0403,execute,index-options-grid-spy-5-empirical walk-forward,2026-09-27T19:42:57+00:00,index-options-grid-spy-5-empirical,/home/russell/dskit/children/index_options/pipeline_runs/index-options-grid-spy-5-empirical-walkforward-2026-09-27-0b54f61c,/home/russell/dskit/children/index_options/pipeline_runs/index-options-grid-spy-5-empirical-walkforward-2026-09-27-0b54f61c,state=ran folds=18 hash=0b54f61c asof=2026-09-27
A0404,execute,index-options-grid-spy-5-vix walk-forward,2026-09-27T19:43:25+00:00,index-options-grid-spy-5-vix,/home/russell/dskit/children/index_options/pipeline_runs/index-options-grid-spy-5-vix-walkforward-2026-09-27-bd839ee3,/home/russell/dskit/children/index_options/pipeline_runs/index-options-grid-spy-5-vix-walkforward-2026-09-27-bd839ee3,state=ran folds=18 hash=bd839ee3 asof=2026-09-27
A0405,execute,index-options-grid-qqq-7-10-lightgbm-vix walk-forward,2026-09-27T19:43:26+00:00,index-options-grid-qqq-7-10-lightgbm-vix,/home/russell/dskit/children/index_options/pipeline_runs/index-options-grid-qqq-7-10-lightgbm-vix-walkforward-2026-09-27-0f3d5dac,/home/russell/dskit/children/index_options/pipeline_runs/index-options-grid-qqq-7-10-lightgbm-vix-walkforward-2026-09-27-0f3d5dac,state=ran folds=15 hash=0f3d5dac asof=2026-09-27
A0406,execute,index-options-grid-spy-5-har-vix walk-forward,2026-09-27T19:43:48+00:00,index-options-grid-spy-5-har-vix,/home/russell/dskit/children/index_options/pipeline_runs/index-options-grid-spy-5-har-vix-walkforward-2026-09-27-541b67eb,/home/russell/dskit/children/index_options/pipeline_runs/index-options-grid-spy-5-har-vix-walkforward-2026-09-27-541b67eb,state=ran folds=18 hash=541b67eb asof=2026-09-27
A0407,execute,index-options-grid-spy-5-lightgbm-vix walk-forward,2026-09-27T19:44:36+00:00,index-options-grid-spy-5-lightgbm-vix,/home/russell/dskit/children/index_options/pipeline_runs/index-options-grid-spy-5-lightgbm-vix-walkforward-2026-09-27-1703c5da,/home/russell/dskit/children/index_options/pipeline_runs/index-options-grid-spy-5-lightgbm-vix-walkforward-2026-09-27-1703c5da,state=ran folds=18 hash=1703c5da asof=2026-09-27
A0408,execute,index-options-grid-spy-7-10-empirical walk-forward,2026-09-27T19:51:10+00:00,index-options-grid-spy-7-10-empirical,/home/russell/dskit/children/index_options/pipeline_runs/index-options-grid-spy-7-10-empirical-walkforward-2026-09-27-c8518d1d,/home/russell/dskit/children/index_options/pipeline_runs/index-options-grid-spy-7-10-empirical-walkforward-2026-09-27-c8518d1d,state=ran folds=18 hash=c8518d1d asof=2026-09-27
A0409,execute,index-options-grid-spy-7-10-vix walk-forward,2026-09-27T19:52:03+00:00,index-options-grid-spy-7-10-vix,/home/russell/dskit/children/index_options/pipeline_runs/index-options-grid-spy-7-10-vix-walkforward-2026-09-27-293394cb,/home/russell/dskit/children/index_options/pipeline_runs/index-options-grid-spy-7-10-vix-walkforward-2026-09-27-293394cb,state=ran folds=18 hash=293394cb asof=2026-09-27
A0410,execute,index-options-grid-spy-7-10-har-vix walk-forward,2026-09-27T19:52:53+00:00,index-options-grid-spy-7-10-har-vix,/home/russell/dskit/children/index_options/pipeline_runs/index-options-grid-spy-7-10-har-vix-walkforward-2026-09-27-e8167d5e,/home/russell/dskit/children/index_options/pipeline_runs/index-options-grid-spy-7-10-har-vix-walkforward-2026-09-27-e8167d5e,state=ran folds=18 hash=e8167d5e asof=2026-09-27
A0411,execute,index-options-grid-spy-7-10-lightgbm-vix walk-forward,2026-09-27T19:54:08+00:00,index-options-grid-spy-7-10-lightgbm-vix,/home/russell/dskit/children/index_options/pipeline_runs/index-options-grid-spy-7-10-lightgbm-vix-walkforward-2026-09-27-603ec053,/home/russell/dskit/children/index_options/pipeline_runs/index-options-grid-spy-7-10-lightgbm-vix-walkforward-2026-09-27-603ec053,state=ran folds=18 hash=603ec053 asof=2026-09-27
A0412,execute,index-options-grid-iwm-1-lightgbm-vix-hpo-bounded2f walk-forward,2026-09-27T21:03:12+00:00,index-options-grid-iwm-1-lightgbm-vix-hpo-bounded2f,/home/russell/dskit/children/index_options/pipeline_runs/index-options-grid-iwm-1-lightgbm-vix-hpo-bounded2f-walkforward-2026-09-27-b5c7c36a,/home/russell/dskit/children/index_options/pipeline_runs/index-options-grid-iwm-1-lightgbm-vix-hpo-bounded2f-walkforward-2026-09-27-b5c7c36a,state=ran folds=2 hash=b5c7c36a asof=2026-09-27
A0413,execute,index-options-grid-iwm-14-lightgbm-vix-hpo-bounded2f walk-forward,2026-09-27T21:03:12+00:00,index-options-grid-iwm-14-lightgbm-vix-hpo-bounded2f,/home/russell/dskit/children/index_options/pipeline_runs/index-options-grid-iwm-14-lightgbm-vix-hpo-bounded2f-walkforward-2026-09-27-4d330fcb,/home/russell/dskit/children/index_options/pipeline_runs/index-options-grid-iwm-14-lightgbm-vix-hpo-bounded2f-walkforward-2026-09-27-4d330fcb,state=ran folds=2 hash=4d330fcb asof=2026-09-27
A0414,execute,index-options-grid-iwm-2-3-lightgbm-vix-hpo-bounded2f walk-forward,2026-09-27T21:03:12+00:00,index-options-grid-iwm-2-3-lightgbm-vix-hpo-bounded2f,/home/russell/dskit/children/index_options/pipeline_runs/index-options-grid-iwm-2-3-lightgbm-vix-hpo-bounded2f-walkforward-2026-09-27-d9f58e93,/home/russell/dskit/children/index_options/pipeline_runs/index-options-grid-iwm-2-3-lightgbm-vix-hpo-bounded2f-walkforward-2026-09-27-d9f58e93,state=ran folds=2 hash=d9f58e93 asof=2026-09-27
A0415,execute,index-options-grid-iwm-21-lightgbm-vix-hpo-bounded2f walk-forward,2026-09-27T21:03:21+00:00,index-options-grid-iwm-21-lightgbm-vix-hpo-bounded2f,/home/russell/dskit/children/index_options/pipeline_runs/index-options-grid-iwm-21-lightgbm-vix-hpo-bounded2f-walkforward-2026-09-27-8f39fb27,/home/russell/dskit/children/index_options/pipeline_runs/index-options-grid-iwm-21-lightgbm-vix-hpo-bounded2f-walkforward-2026-09-27-8f39fb27,state=ran folds=2 hash=8f39fb27 asof=2026-09-27
A0416,execute,index-options-grid-qqq-1-har-vix-downside-roi walk-forward,2026-09-27T21:29:04+00:00,index-options-grid-qqq-1-har-vix-downside-roi,/home/russell/dskit/children/index_options/pipeline_runs/index-options-grid-qqq-1-har-vix-downside-roi-walkforward-2026-09-27-455f82b1,/home/russell/dskit/children/index_options/pipeline_runs/index-options-grid-qqq-1-har-vix-downside-roi-walkforward-2026-09-27-455f82b1,state=ran folds=15 hash=455f82b1 asof=2026-09-27
A0417,execute,index-options-grid-iwm-1-vix-downside-roi walk-forward,2026-09-27T21:29:05+00:00,index-options-grid-iwm-1-vix-downside-roi,/home/russell/dskit/children/index_options/pipeline_runs/index-options-grid-iwm-1-vix-downside-roi-walkforward-2026-09-27-4f5f401b,/home/russell/dskit/children/index_options/pipeline_runs/index-options-grid-iwm-1-vix-downside-roi-walkforward-2026-09-27-4f5f401b,state=ran folds=18 hash=4f5f401b asof=2026-09-27
A0418,execute,index-options-grid-spy-1-har-vix-downside-roi walk-forward,2026-09-27T21:29:07+00:00,index-options-grid-spy-1-har-vix-downside-roi,/home/russell/dskit/children/index_options/pipeline_runs/index-options-grid-spy-1-har-vix-downside-roi-walkforward-2026-09-27-42bb04f2,/home/russell/dskit/children/index_options/pipeline_runs/index-options-grid-spy-1-har-vix-downside-roi-walkforward-2026-09-27-42bb04f2,state=ran folds=18 hash=42bb04f2 asof=2026-09-27
A0419,execute,index-options-grid-qqq-1-har-vix-upside-roi walk-forward,2026-09-27T21:29:17+00:00,index-options-grid-qqq-1-har-vix-upside-roi,/home/russell/dskit/children/index_options/pipeline_runs/index-options-grid-qqq-1-har-vix-upside-roi-walkforward-2026-09-27-87fe7ec8,/home/russell/dskit/children/index_options/pipeline_runs/index-options-grid-qqq-1-har-vix-upside-roi-walkforward-2026-09-27-87fe7ec8,state=ran folds=15 hash=87fe7ec8 asof=2026-09-27
A0420,execute,index-options-grid-iwm-1-vix-upside-roi walk-forward,2026-09-27T21:29:20+00:00,index-options-grid-iwm-1-vix-upside-roi,/home/russell/dskit/children/index_options/pipeline_runs/index-options-grid-iwm-1-vix-upside-roi-walkforward-2026-09-27-545f49a7,/home/russell/dskit/children/index_options/pipeline_runs/index-options-grid-iwm-1-vix-upside-roi-walkforward-2026-09-27-545f49a7,state=ran folds=18 hash=545f49a7 asof=2026-09-27
A0421,execute,index-options-grid-spy-1-har-vix-upside-roi walk-forward,2026-09-27T21:29:23+00:00,index-options-grid-spy-1-har-vix-upside-roi,/home/russell/dskit/children/index_options/pipeline_runs/index-options-grid-spy-1-har-vix-upside-roi-walkforward-2026-09-27-9bfa11cc,/home/russell/dskit/children/index_options/pipeline_runs/index-options-grid-spy-1-har-vix-upside-roi-walkforward-2026-09-27-9bfa11cc,state=ran folds=18 hash=9bfa11cc asof=2026-09-27
A0422,execute,index-options-grid-qqq-14-har-vix-downside-roi walk-forward,2026-09-27T21:29:31+00:00,index-options-grid-qqq-14-har-vix-downside-roi,/home/russell/dskit/children/index_options/pipeline_runs/index-options-grid-qqq-14-har-vix-downside-roi-walkforward-2026-09-27-8a9fc9a6,/home/russell/dskit/children/index_options/pipeline_runs/index-options-grid-qqq-14-har-vix-downside-roi-walkforward-2026-09-27-8a9fc9a6,state=ran folds=15 hash=8a9fc9a6 asof=2026-09-27
A0423,execute,index-options-grid-iwm-14-har-vix-downside-roi walk-forward,2026-09-27T21:29:34+00:00,index-options-grid-iwm-14-har-vix-downside-roi,/home/russell/dskit/children/index_options/pipeline_runs/index-options-grid-iwm-14-har-vix-downside-roi-walkforward-2026-09-27-99968d98,/home/russell/dskit/children/index_options/pipeline_runs/index-options-grid-iwm-14-har-vix-downside-roi-walkforward-2026-09-27-99968d98,state=ran folds=18 hash=99968d98 asof=2026-09-27
A0424,execute,index-options-grid-spy-14-har-vix-downside-roi walk-forward,2026-09-27T21:29:36+00:00,index-options-grid-spy-14-har-vix-downside-roi,/home/russell/dskit/children/index_options/pipeline_runs/index-options-grid-spy-14-har-vix-downside-roi-walkforward-2026-09-27-7d0a90b4,/home/russell/dskit/children/index_options/pipeline_runs/index-options-grid-spy-14-har-vix-downside-roi-walkforward-2026-09-27-7d0a90b4,state=ran folds=18 hash=7d0a90b4 asof=2026-09-27
A0425,execute,index-options-grid-qqq-14-har-vix-upside-roi walk-forward,2026-09-27T21:29:41+00:00,index-options-grid-qqq-14-har-vix-upside-roi,/home/russell/dskit/children/index_options/pipeline_runs/index-options-grid-qqq-14-har-vix-upside-roi-walkforward-2026-09-27-0bb41ece,/home/russell/dskit/children/index_options/pipeline_runs/index-options-grid-qqq-14-har-vix-upside-roi-walkforward-2026-09-27-0bb41ece,state=ran folds=15 hash=0bb41ece asof=2026-09-27
A0426,execute,index-options-grid-iwm-14-har-vix-upside-roi walk-forward,2026-09-27T21:29:46+00:00,index-options-grid-iwm-14-har-vix-upside-roi,/home/russell/dskit/children/index_options/pipeline_runs/index-options-grid-iwm-14-har-vix-upside-roi-walkforward-2026-09-27-0fbb08ed,/home/russell/dskit/children/index_options/pipeline_runs/index-options-grid-iwm-14-har-vix-upside-roi-walkforward-2026-09-27-0fbb08ed,state=ran folds=18 hash=0fbb08ed asof=2026-09-27
A0427,execute,index-options-grid-spy-14-har-vix-upside-roi walk-forward,2026-09-27T21:29:52+00:00,index-options-grid-spy-14-har-vix-upside-roi,/home/russell/dskit/children/index_options/pipeline_runs/index-options-grid-spy-14-har-vix-upside-roi-walkforward-2026-09-27-1cd7681d,/home/russell/dskit/children/index_options/pipeline_runs/index-options-grid-spy-14-har-vix-upside-roi-walkforward-2026-09-27-1cd7681d,state=ran folds=18 hash=1cd7681d asof=2026-09-27
A0428,execute,index-options-grid-qqq-2-3-har-vix-downside-roi walk-forward,2026-09-27T21:29:55+00:00,index-options-grid-qqq-2-3-har-vix-downside-roi,/home/russell/dskit/children/index_options/pipeline_runs/index-options-grid-qqq-2-3-har-vix-downside-roi-walkforward-2026-09-27-b8dcd5b7,/home/russell/dskit/children/index_options/pipeline_runs/index-options-grid-qqq-2-3-har-vix-downside-roi-walkforward-2026-09-27-b8dcd5b7,state=ran folds=15 hash=b8dcd5b7 asof=2026-09-27
A0429,execute,index-options-grid-iwm-2-3-har-vix-downside-roi walk-forward,2026-09-27T21:30:01+00:00,index-options-grid-iwm-2-3-har-vix-downside-roi,/home/russell/dskit/children/index_options/pipeline_runs/index-options-grid-iwm-2-3-har-vix-downside-roi-walkforward-2026-09-27-169b3ba5,/home/russell/dskit/children/index_options/pipeline_runs/index-options-grid-iwm-2-3-har-vix-downside-roi-walkforward-2026-09-27-169b3ba5,state=ran folds=18 hash=169b3ba5 asof=2026-09-27
A0430,execute,index-options-grid-qqq-2-3-har-vix-upside-roi walk-forward,2026-09-27T21:30:06+00:00,index-options-grid-qqq-2-3-har-vix-upside-roi,/home/russell/dskit/children/index_options/pipeline_runs/index-options-grid-qqq-2-3-har-vix-upside-roi-walkforward-2026-09-27-2090224c,/home/russell/dskit/children/index_options/pipeline_runs/index-options-grid-qqq-2-3-har-vix-upside-roi-walkforward-2026-09-27-2090224c,state=ran folds=15 hash=2090224c asof=2026-09-27
A0431,execute,index-options-grid-spy-2-3-har-vix-downside-roi walk-forward,2026-09-27T21:30:06+00:00,index-options-grid-spy-2-3-har-vix-downside-roi,/home/russell/dskit/children/index_options/pipeline_runs/index-options-grid-spy-2-3-har-vix-downside-roi-walkforward-2026-09-27-bf5d3bf0,/home/russell/dskit/children/index_options/pipeline_runs/index-options-grid-spy-2-3-har-vix-downside-roi-walkforward-2026-09-27-bf5d3bf0,state=ran folds=18 hash=bf5d3bf0 asof=2026-09-27
A0432,execute,index-options-grid-iwm-2-3-har-vix-upside-roi walk-forward,2026-09-27T21:30:14+00:00,index-options-grid-iwm-2-3-har-vix-upside-roi,/home/russell/dskit/children/index_options/pipeline_runs/index-options-grid-iwm-2-3-har-vix-upside-roi-walkforward-2026-09-27-040f2c83,/home/russell/dskit/children/index_options/pipeline_runs/index-options-grid-iwm-2-3-har-vix-upside-roi-walkforward-2026-09-27-040f2c83,state=ran folds=18 hash=040f2c83 asof=2026-09-27
A0433,execute,index-options-grid-qqq-21-har-vix-downside-roi walk-forward,2026-09-27T21:30:20+00:00,index-options-grid-qqq-21-har-vix-downside-roi,/home/russell/dskit/children/index_options/pipeline_runs/index-options-grid-qqq-21-har-vix-downside-roi-walkforward-2026-09-27-6145a675,/home/russell/dskit/children/index_options/pipeline_runs/index-options-grid-qqq-21-har-vix-downside-roi-walkforward-2026-09-27-6145a675,state=ran folds=15 hash=6145a675 asof=2026-09-27
A0434,execute,index-options-grid-spy-2-3-har-vix-upside-roi walk-forward,2026-09-27T21:30:23+00:00,index-options-grid-spy-2-3-har-vix-upside-roi,/home/russell/dskit/children/index_options/pipeline_runs/index-options-grid-spy-2-3-har-vix-upside-roi-walkforward-2026-09-27-8fdd86bc,/home/russell/dskit/children/index_options/pipeline_runs/index-options-grid-spy-2-3-har-vix-upside-roi-walkforward-2026-09-27-8fdd86bc,state=ran folds=18 hash=8fdd86bc asof=2026-09-27
A0435,execute,index-options-grid-iwm-21-har-vix-downside-roi walk-forward,2026-09-27T21:30:29+00:00,index-options-grid-iwm-21-har-vix-downside-roi,/home/russell/dskit/children/index_options/pipeline_runs/index-options-grid-iwm-21-har-vix-downside-roi-walkforward-2026-09-27-994a2dce,/home/russell/dskit/children/index_options/pipeline_runs/index-options-grid-iwm-21-har-vix-downside-roi-walkforward-2026-09-27-994a2dce,state=ran folds=18 hash=994a2dce asof=2026-09-27
A0436,execute,index-options-grid-qqq-21-har-vix-upside-roi walk-forward,2026-09-27T21:30:33+00:00,index-options-grid-qqq-21-har-vix-upside-roi,/home/russell/dskit/children/index_options/pipeline_runs/index-options-grid-qqq-21-har-vix-upside-roi-walkforward-2026-09-27-26c3de51,/home/russell/dskit/children/index_options/pipeline_runs/index-options-grid-qqq-21-har-vix-upside-roi-walkforward-2026-09-27-26c3de51,state=ran folds=15 hash=26c3de51 asof=2026-09-27
A0437,execute,index-options-grid-spy-21-har-vix-downside-roi walk-forward,2026-09-27T21:30:37+00:00,index-options-grid-spy-21-har-vix-downside-roi,/home/russell/dskit/children/index_options/pipeline_runs/index-options-grid-spy-21-har-vix-downside-roi-walkforward-2026-09-27-056b3285,/home/russell/dskit/children/index_options/pipeline_runs/index-options-grid-spy-21-har-vix-downside-roi-walkforward-2026-09-27-056b3285,state=ran folds=18 hash=056b3285 asof=2026-09-27
A0438,execute,index-options-grid-iwm-21-har-vix-upside-roi walk-forward,2026-09-27T21:30:41+00:00,index-options-grid-iwm-21-har-vix-upside-roi,/home/russell/dskit/children/index_options/pipeline_runs/index-options-grid-iwm-21-har-vix-upside-roi-walkforward-2026-09-27-84e76df4,/home/russell/dskit/children/index_options/pipeline_runs/index-options-grid-iwm-21-har-vix-upside-roi-walkforward-2026-09-27-84e76df4,state=ran folds=18 hash=84e76df4 asof=2026-09-27
A0439,execute,index-options-grid-qqq-30-45-har-vix-downside-roi walk-forward,2026-09-27T21:30:44+00:00,index-options-grid-qqq-30-45-har-vix-downside-roi,/home/russell/dskit/children/index_options/pipeline_runs/index-options-grid-qqq-30-45-har-vix-downside-roi-walkforward-2026-09-27-c09e41a1,/home/russell/dskit/children/index_options/pipeline_runs/index-options-grid-qqq-30-45-har-vix-downside-roi-walkforward-2026-09-27-c09e41a1,state=ran folds=15 hash=c09e41a1 asof=2026-09-27
A0440,execute,index-options-grid-spy-21-har-vix-upside-roi walk-forward,2026-09-27T21:30:53+00:00,index-options-grid-spy-21-har-vix-upside-roi,/home/russell/dskit/children/index_options/pipeline_runs/index-options-grid-spy-21-har-vix-upside-roi-walkforward-2026-09-27-446092ce,/home/russell/dskit/children/index_options/pipeline_runs/index-options-grid-spy-21-har-vix-upside-roi-walkforward-2026-09-27-446092ce,state=ran folds=18 hash=446092ce asof=2026-09-27
A0441,execute,index-options-grid-iwm-30-45-har-vix-downside-roi walk-forward,2026-09-27T21:30:56+00:00,index-options-grid-iwm-30-45-har-vix-downside-roi,/home/russell/dskit/children/index_options/pipeline_runs/index-options-grid-iwm-30-45-har-vix-downside-roi-walkforward-2026-09-27-d966bf84,/home/russell/dskit/children/index_options/pipeline_runs/index-options-grid-iwm-30-45-har-vix-downside-roi-walkforward-2026-09-27-d966bf84,state=ran folds=18 hash=d966bf84 asof=2026-09-27
A0442,execute,index-options-grid-qqq-30-45-har-vix-upside-roi walk-forward,2026-09-27T21:30:58+00:00,index-options-grid-qqq-30-45-har-vix-upside-roi,/home/russell/dskit/children/index_options/pipeline_runs/index-options-grid-qqq-30-45-har-vix-upside-roi-walkforward-2026-09-27-08980063,/home/russell/dskit/children/index_options/pipeline_runs/index-options-grid-qqq-30-45-har-vix-upside-roi-walkforward-2026-09-27-08980063,state=ran folds=15 hash=08980063 asof=2026-09-27
A0443,execute,index-options-grid-spy-30-45-har-vix-downside-roi walk-forward,2026-09-27T21:31:07+00:00,index-options-grid-spy-30-45-har-vix-downside-roi,/home/russell/dskit/children/index_options/pipeline_runs/index-options-grid-spy-30-45-har-vix-downside-roi-walkforward-2026-09-27-60225e1e,/home/russell/dskit/children/index_options/pipeline_runs/index-options-grid-spy-30-45-har-vix-downside-roi-walkforward-2026-09-27-60225e1e,state=ran folds=18 hash=60225e1e asof=2026-09-27
A0444,execute,index-options-grid-iwm-30-45-har-vix-upside-roi walk-forward,2026-09-27T21:31:08+00:00,index-options-grid-iwm-30-45-har-vix-upside-roi,/home/russell/dskit/children/index_options/pipeline_runs/index-options-grid-iwm-30-45-har-vix-upside-roi-walkforward-2026-09-27-fd0d2945,/home/russell/dskit/children/index_options/pipeline_runs/index-options-grid-iwm-30-45-har-vix-upside-roi-walkforward-2026-09-27-fd0d2945,state=ran folds=18 hash=fd0d2945 asof=2026-09-27
A0445,execute,index-options-grid-qqq-5-har-vix-downside-roi walk-forward,2026-09-27T21:31:09+00:00,index-options-grid-qqq-5-har-vix-downside-roi,/home/russell/dskit/children/index_options/pipeline_runs/index-options-grid-qqq-5-har-vix-downside-roi-walkforward-2026-09-27-3afcf167,/home/russell/dskit/children/index_options/pipeline_runs/index-options-grid-qqq-5-har-vix-downside-roi-walkforward-2026-09-27-3afcf167,state=ran folds=15 hash=3afcf167 asof=2026-09-27
A0446,execute,index-options-grid-qqq-5-har-vix-upside-roi walk-forward,2026-09-27T21:31:23+00:00,index-options-grid-qqq-5-har-vix-upside-roi,/home/russell/dskit/children/index_options/pipeline_runs/index-options-grid-qqq-5-har-vix-upside-roi-walkforward-2026-09-27-240edbc6,/home/russell/dskit/children/index_options/pipeline_runs/index-options-grid-qqq-5-har-vix-upside-roi-walkforward-2026-09-27-240edbc6,state=ran folds=15 hash=240edbc6 asof=2026-09-27
A0447,execute,index-options-grid-iwm-5-vix-downside-roi walk-forward,2026-09-27T21:31:23+00:00,index-options-grid-iwm-5-vix-downside-roi,/home/russell/dskit/children/index_options/pipeline_runs/index-options-grid-iwm-5-vix-downside-roi-walkforward-2026-09-27-c5251cf2,/home/russell/dskit/children/index_options/pipeline_runs/index-options-grid-iwm-5-vix-downside-roi-walkforward-2026-09-27-c5251cf2,state=ran folds=18 hash=c5251cf2 asof=2026-09-27
A0448,execute,index-options-grid-spy-30-45-har-vix-upside-roi walk-forward,2026-09-27T21:31:24+00:00,index-options-grid-spy-30-45-har-vix-upside-roi,/home/russell/dskit/children/index_options/pipeline_runs/index-options-grid-spy-30-45-har-vix-upside-roi-walkforward-2026-09-27-1392619a,/home/russell/dskit/children/index_options/pipeline_runs/index-options-grid-spy-30-45-har-vix-upside-roi-walkforward-2026-09-27-1392619a,state=ran folds=18 hash=1392619a asof=2026-09-27
A0449,execute,index-options-grid-qqq-7-10-har-vix-downside-roi walk-forward,2026-09-27T21:31:33+00:00,index-options-grid-qqq-7-10-har-vix-downside-roi,/home/russell/dskit/children/index_options/pipeline_runs/index-options-grid-qqq-7-10-har-vix-downside-roi-walkforward-2026-09-27-e7f2e6b6,/home/russell/dskit/children/index_options/pipeline_runs/index-options-grid-qqq-7-10-har-vix-downside-roi-walkforward-2026-09-27-e7f2e6b6,state=ran folds=15 hash=e7f2e6b6 asof=2026-09-27
A0450,execute,index-options-grid-iwm-5-vix-upside-roi walk-forward,2026-09-27T21:31:34+00:00,index-options-grid-iwm-5-vix-upside-roi,/home/russell/dskit/children/index_options/pipeline_runs/index-options-grid-iwm-5-vix-upside-roi-walkforward-2026-09-27-6f783efa,/home/russell/dskit/children/index_options/pipeline_runs/index-options-grid-iwm-5-vix-upside-roi-walkforward-2026-09-27-6f783efa,state=ran folds=18 hash=6f783efa asof=2026-09-27
A0451,execute,index-options-grid-spy-5-har-vix-downside-roi walk-forward,2026-09-27T21:31:37+00:00,index-options-grid-spy-5-har-vix-downside-roi,/home/russell/dskit/children/index_options/pipeline_runs/index-options-grid-spy-5-har-vix-downside-roi-walkforward-2026-09-27-38128cd0,/home/russell/dskit/children/index_options/pipeline_runs/index-options-grid-spy-5-har-vix-downside-roi-walkforward-2026-09-27-38128cd0,state=ran folds=18 hash=38128cd0 asof=2026-09-27
A0452,execute,index-options-grid-qqq-7-10-har-vix-upside-roi walk-forward,2026-09-27T21:31:47+00:00,index-options-grid-qqq-7-10-har-vix-upside-roi,/home/russell/dskit/children/index_options/pipeline_runs/index-options-grid-qqq-7-10-har-vix-upside-roi-walkforward-2026-09-27-ee6a35aa,/home/russell/dskit/children/index_options/pipeline_runs/index-options-grid-qqq-7-10-har-vix-upside-roi-walkforward-2026-09-27-ee6a35aa,state=ran folds=15 hash=ee6a35aa asof=2026-09-27
A0453,execute,index-options-grid-iwm-7-10-vix-downside-roi walk-forward,2026-09-27T21:31:49+00:00,index-options-grid-iwm-7-10-vix-downside-roi,/home/russell/dskit/children/index_options/pipeline_runs/index-options-grid-iwm-7-10-vix-downside-roi-walkforward-2026-09-27-e1b3e4ab,/home/russell/dskit/children/index_options/pipeline_runs/index-options-grid-iwm-7-10-vix-downside-roi-walkforward-2026-09-27-e1b3e4ab,state=ran folds=18 hash=e1b3e4ab asof=2026-09-27
A0454,execute,index-options-grid-spy-5-har-vix-upside-roi walk-forward,2026-09-27T21:31:53+00:00,index-options-grid-spy-5-har-vix-upside-roi,/home/russell/dskit/children/index_options/pipeline_runs/index-options-grid-spy-5-har-vix-upside-roi-walkforward-2026-09-27-fdb9c592,/home/russell/dskit/children/index_options/pipeline_runs/index-options-grid-spy-5-har-vix-upside-roi-walkforward-2026-09-27-fdb9c592,state=ran folds=18 hash=fdb9c592 asof=2026-09-27
A0455,execute,index-options-grid-iwm-7-10-vix-upside-roi walk-forward,2026-09-27T21:32:03+00:00,index-options-grid-iwm-7-10-vix-upside-roi,/home/russell/dskit/children/index_options/pipeline_runs/index-options-grid-iwm-7-10-vix-upside-roi-walkforward-2026-09-27-ea528667,/home/russell/dskit/children/index_options/pipeline_runs/index-options-grid-iwm-7-10-vix-upside-roi-walkforward-2026-09-27-ea528667,state=ran folds=18 hash=ea528667 asof=2026-09-27
A0456,execute,index-options-grid-spy-7-10-har-vix-downside-roi walk-forward,2026-09-27T21:32:06+00:00,index-options-grid-spy-7-10-har-vix-downside-roi,/home/russell/dskit/children/index_options/pipeline_runs/index-options-grid-spy-7-10-har-vix-downside-roi-walkforward-2026-09-27-2fe5b55e,/home/russell/dskit/children/index_options/pipeline_runs/index-options-grid-spy-7-10-har-vix-downside-roi-walkforward-2026-09-27-2fe5b55e,state=ran folds=18 hash=2fe5b55e asof=2026-09-27
A0457,execute,index-options-grid-spy-7-10-har-vix-upside-roi walk-forward,2026-09-27T21:32:22+00:00,index-options-grid-spy-7-10-har-vix-upside-roi,/home/russell/dskit/children/index_options/pipeline_runs/index-options-grid-spy-7-10-har-vix-upside-roi-walkforward-2026-09-27-a56a2373,/home/russell/dskit/children/index_options/pipeline_runs/index-options-grid-spy-7-10-har-vix-upside-roi-walkforward-2026-09-27-a56a2373,state=ran folds=18 hash=a56a2373 asof=2026-09-27
A0458,execute,index-options-grid-qqq-1-empirical-downside-roi walk-forward,2026-09-27T21:33:24+00:00,index-options-grid-qqq-1-empirical-downside-roi,/home/russell/dskit/children/index_options/pipeline_runs/index-options-grid-qqq-1-empirical-downside-roi-walkforward-2026-09-27-6cee8a8b,/home/russell/dskit/children/index_options/pipeline_runs/index-options-grid-qqq-1-empirical-downside-roi-walkforward-2026-09-27-6cee8a8b,state=ran folds=15 hash=6cee8a8b asof=2026-09-27
A0459,execute,index-options-grid-iwm-1-empirical-downside-roi walk-forward,2026-09-27T21:33:25+00:00,index-options-grid-iwm-1-empirical-downside-roi,/home/russell/dskit/children/index_options/pipeline_runs/index-options-grid-iwm-1-empirical-downside-roi-walkforward-2026-09-27-64f6930a,/home/russell/dskit/children/index_options/pipeline_runs/index-options-grid-iwm-1-empirical-downside-roi-walkforward-2026-09-27-64f6930a,state=ran folds=18 hash=64f6930a asof=2026-09-27
A0460,execute,index-options-grid-spy-1-empirical-downside-roi walk-forward,2026-09-27T21:33:26+00:00,index-options-grid-spy-1-empirical-downside-roi,/home/russell/dskit/children/index_options/pipeline_runs/index-options-grid-spy-1-empirical-downside-roi-walkforward-2026-09-27-80f2f61e,/home/russell/dskit/children/index_options/pipeline_runs/index-options-grid-spy-1-empirical-downside-roi-walkforward-2026-09-27-80f2f61e,state=ran folds=18 hash=80f2f61e asof=2026-09-27
A0461,execute,index-options-grid-qqq-1-empirical-upside-roi walk-forward,2026-09-27T21:33:34+00:00,index-options-grid-qqq-1-empirical-upside-roi,/home/russell/dskit/children/index_options/pipeline_runs/index-options-grid-qqq-1-empirical-upside-roi-walkforward-2026-09-27-cf7d791c,/home/russell/dskit/children/index_options/pipeline_runs/index-options-grid-qqq-1-empirical-upside-roi-walkforward-2026-09-27-cf7d791c,state=ran folds=15 hash=cf7d791c asof=2026-09-27
A0462,execute,index-options-grid-iwm-1-empirical-upside-roi walk-forward,2026-09-27T21:33:36+00:00,index-options-grid-iwm-1-empirical-upside-roi,/home/russell/dskit/children/index_options/pipeline_runs/index-options-grid-iwm-1-empirical-upside-roi-walkforward-2026-09-27-dab28276,/home/russell/dskit/children/index_options/pipeline_runs/index-options-grid-iwm-1-empirical-upside-roi-walkforward-2026-09-27-dab28276,state=ran folds=18 hash=dab28276 asof=2026-09-27
A0463,execute,index-options-grid-spy-1-empirical-upside-roi walk-forward,2026-09-27T21:33:39+00:00,index-options-grid-spy-1-empirical-upside-roi,/home/russell/dskit/children/index_options/pipeline_runs/index-options-grid-spy-1-empirical-upside-roi-walkforward-2026-09-27-c5d1703d,/home/russell/dskit/children/index_options/pipeline_runs/index-options-grid-spy-1-empirical-upside-roi-walkforward-2026-09-27-c5d1703d,state=ran folds=18 hash=c5d1703d asof=2026-09-27
A0464,execute,index-options-grid-qqq-14-empirical-downside-roi walk-forward,2026-09-27T21:33:47+00:00,index-options-grid-qqq-14-empirical-downside-roi,/home/russell/dskit/children/index_options/pipeline_runs/index-options-grid-qqq-14-empirical-downside-roi-walkforward-2026-09-27-90ae20b9,/home/russell/dskit/children/index_options/pipeline_runs/index-options-grid-qqq-14-empirical-downside-roi-walkforward-2026-09-27-90ae20b9,state=ran folds=15 hash=90ae20b9 asof=2026-09-27
A0465,execute,index-options-grid-iwm-14-empirical-downside-roi walk-forward,2026-09-27T21:33:51+00:00,index-options-grid-iwm-14-empirical-downside-roi,/home/russell/dskit/children/index_options/pipeline_runs/index-options-grid-iwm-14-empirical-downside-roi-walkforward-2026-09-27-f7488e0d,/home/russell/dskit/children/index_options/pipeline_runs/index-options-grid-iwm-14-empirical-downside-roi-walkforward-2026-09-27-f7488e0d,state=ran folds=18 hash=f7488e0d asof=2026-09-27
A0466,execute,index-options-grid-spy-14-empirical-downside-roi walk-forward,2026-09-27T21:33:55+00:00,index-options-grid-spy-14-empirical-downside-roi,/home/russell/dskit/children/index_options/pipeline_runs/index-options-grid-spy-14-empirical-downside-roi-walkforward-2026-09-27-42379d92,/home/russell/dskit/children/index_options/pipeline_runs/index-options-grid-spy-14-empirical-downside-roi-walkforward-2026-09-27-42379d92,state=ran folds=18 hash=42379d92 asof=2026-09-27
A0467,execute,index-options-grid-qqq-14-empirical-upside-roi walk-forward,2026-09-27T21:34:00+00:00,index-options-grid-qqq-14-empirical-upside-roi,/home/russell/dskit/children/index_options/pipeline_runs/index-options-grid-qqq-14-empirical-upside-roi-walkforward-2026-09-27-85cbc50c,/home/russell/dskit/children/index_options/pipeline_runs/index-options-grid-qqq-14-empirical-upside-roi-walkforward-2026-09-27-85cbc50c,state=ran folds=15 hash=85cbc50c asof=2026-09-27
A0468,execute,index-options-grid-iwm-14-empirical-upside-roi walk-forward,2026-09-27T21:34:03+00:00,index-options-grid-iwm-14-empirical-upside-roi,/home/russell/dskit/children/index_options/pipeline_runs/index-options-grid-iwm-14-empirical-upside-roi-walkforward-2026-09-27-a0bd9124,/home/russell/dskit/children/index_options/pipeline_runs/index-options-grid-iwm-14-empirical-upside-roi-walkforward-2026-09-27-a0bd9124,state=ran folds=18 hash=a0bd9124 asof=2026-09-27
A0469,execute,index-options-grid-spy-14-empirical-upside-roi walk-forward,2026-09-27T21:34:09+00:00,index-options-grid-spy-14-empirical-upside-roi,/home/russell/dskit/children/index_options/pipeline_runs/index-options-grid-spy-14-empirical-upside-roi-walkforward-2026-09-27-8f220c03,/home/russell/dskit/children/index_options/pipeline_runs/index-options-grid-spy-14-empirical-upside-roi-walkforward-2026-09-27-8f220c03,state=ran folds=18 hash=8f220c03 asof=2026-09-27
A0470,execute,index-options-grid-qqq-2-3-empirical-downside-roi walk-forward,2026-09-27T21:34:11+00:00,index-options-grid-qqq-2-3-empirical-downside-roi,/home/russell/dskit/children/index_options/pipeline_runs/index-options-grid-qqq-2-3-empirical-downside-roi-walkforward-2026-09-27-67624a06,/home/russell/dskit/children/index_options/pipeline_runs/index-options-grid-qqq-2-3-empirical-downside-roi-walkforward-2026-09-27-67624a06,state=ran folds=15 hash=67624a06 asof=2026-09-27
A0471,execute,index-options-grid-iwm-2-3-empirical-downside-roi walk-forward,2026-09-27T21:34:18+00:00,index-options-grid-iwm-2-3-empirical-downside-roi,/home/russell/dskit/children/index_options/pipeline_runs/index-options-grid-iwm-2-3-empirical-downside-roi-walkforward-2026-09-27-b6c7e9cf,/home/russell/dskit/children/index_options/pipeline_runs/index-options-grid-iwm-2-3-empirical-downside-roi-walkforward-2026-09-27-b6c7e9cf,state=ran folds=18 hash=b6c7e9cf asof=2026-09-27
A0472,execute,index-options-grid-qqq-2-3-empirical-upside-roi walk-forward,2026-09-27T21:34:24+00:00,index-options-grid-qqq-2-3-empirical-upside-roi,/home/russell/dskit/children/index_options/pipeline_runs/index-options-grid-qqq-2-3-empirical-upside-roi-walkforward-2026-09-27-fd5bfc0d,/home/russell/dskit/children/index_options/pipeline_runs/index-options-grid-qqq-2-3-empirical-upside-roi-walkforward-2026-09-27-fd5bfc0d,state=ran folds=15 hash=fd5bfc0d asof=2026-09-27
A0473,execute,index-options-grid-spy-2-3-empirical-downside-roi walk-forward,2026-09-27T21:34:24+00:00,index-options-grid-spy-2-3-empirical-downside-roi,/home/russell/dskit/children/index_options/pipeline_runs/index-options-grid-spy-2-3-empirical-downside-roi-walkforward-2026-09-27-63a5a9c9,/home/russell/dskit/children/index_options/pipeline_runs/index-options-grid-spy-2-3-empirical-downside-roi-walkforward-2026-09-27-63a5a9c9,state=ran folds=18 hash=63a5a9c9 asof=2026-09-27
A0474,execute,index-options-grid-iwm-2-3-empirical-upside-roi walk-forward,2026-09-27T21:34:30+00:00,index-options-grid-iwm-2-3-empirical-upside-roi,/home/russell/dskit/children/index_options/pipeline_runs/index-options-grid-iwm-2-3-empirical-upside-roi-walkforward-2026-09-27-2b5a16b2,/home/russell/dskit/children/index_options/pipeline_runs/index-options-grid-iwm-2-3-empirical-upside-roi-walkforward-2026-09-27-2b5a16b2,state=ran folds=18 hash=2b5a16b2 asof=2026-09-27
A0475,execute,index-options-grid-qqq-21-empirical-downside-roi walk-forward,2026-09-27T21:34:35+00:00,index-options-grid-qqq-21-empirical-downside-roi,/home/russell/dskit/children/index_options/pipeline_runs/index-options-grid-qqq-21-empirical-downside-roi-walkforward-2026-09-27-89f00bcc,/home/russell/dskit/children/index_options/pipeline_runs/index-options-grid-qqq-21-empirical-downside-roi-walkforward-2026-09-27-89f00bcc,state=ran folds=15 hash=89f00bcc asof=2026-09-27
A0476,execute,index-options-grid-spy-2-3-empirical-upside-roi walk-forward,2026-09-27T21:34:38+00:00,index-options-grid-spy-2-3-empirical-upside-roi,/home/russell/dskit/children/index_options/pipeline_runs/index-options-grid-spy-2-3-empirical-upside-roi-walkforward-2026-09-27-cf002895,/home/russell/dskit/children/index_options/pipeline_runs/index-options-grid-spy-2-3-empirical-upside-roi-walkforward-2026-09-27-cf002895,state=ran folds=18 hash=cf002895 asof=2026-09-27
A0477,execute,index-options-grid-iwm-21-empirical-downside-roi walk-forward,2026-09-27T21:34:44+00:00,index-options-grid-iwm-21-empirical-downside-roi,/home/russell/dskit/children/index_options/pipeline_runs/index-options-grid-iwm-21-empirical-downside-roi-walkforward-2026-09-27-808f2469,/home/russell/dskit/children/index_options/pipeline_runs/index-options-grid-iwm-21-empirical-downside-roi-walkforward-2026-09-27-808f2469,state=ran folds=18 hash=808f2469 asof=2026-09-27
A0478,execute,index-options-grid-qqq-21-empirical-upside-roi walk-forward,2026-09-27T21:34:48+00:00,index-options-grid-qqq-21-empirical-upside-roi,/home/russell/dskit/children/index_options/pipeline_runs/index-options-grid-qqq-21-empirical-upside-roi-walkforward-2026-09-27-6d24b752,/home/russell/dskit/children/index_options/pipeline_runs/index-options-grid-qqq-21-empirical-upside-roi-walkforward-2026-09-27-6d24b752,state=ran folds=15 hash=6d24b752 asof=2026-09-27
A0479,execute,index-options-grid-spy-21-empirical-downside-roi walk-forward,2026-09-27T21:34:54+00:00,index-options-grid-spy-21-empirical-downside-roi,/home/russell/dskit/children/index_options/pipeline_runs/index-options-grid-spy-21-empirical-downside-roi-walkforward-2026-09-27-7c4e153d,/home/russell/dskit/children/index_options/pipeline_runs/index-options-grid-spy-21-empirical-downside-roi-walkforward-2026-09-27-7c4e153d,state=ran folds=18 hash=7c4e153d asof=2026-09-27
A0480,execute,index-options-grid-iwm-21-empirical-upside-roi walk-forward,2026-09-27T21:34:59+00:00,index-options-grid-iwm-21-empirical-upside-roi,/home/russell/dskit/children/index_options/pipeline_runs/index-options-grid-iwm-21-empirical-upside-roi-walkforward-2026-09-27-8c8c6faf,/home/russell/dskit/children/index_options/pipeline_runs/index-options-grid-iwm-21-empirical-upside-roi-walkforward-2026-09-27-8c8c6faf,state=ran folds=18 hash=8c8c6faf asof=2026-09-27
A0481,execute,index-options-grid-qqq-30-45-empirical-downside-roi walk-forward,2026-09-27T21:34:59+00:00,index-options-grid-qqq-30-45-empirical-downside-roi,/home/russell/dskit/children/index_options/pipeline_runs/index-options-grid-qqq-30-45-empirical-downside-roi-walkforward-2026-09-27-b5f836b4,/home/russell/dskit/children/index_options/pipeline_runs/index-options-grid-qqq-30-45-empirical-downside-roi-walkforward-2026-09-27-b5f836b4,state=ran folds=15 hash=b5f836b4 asof=2026-09-27
A0482,execute,index-options-grid-spy-21-empirical-upside-roi walk-forward,2026-09-27T21:35:07+00:00,index-options-grid-spy-21-empirical-upside-roi,/home/russell/dskit/children/index_options/pipeline_runs/index-options-grid-spy-21-empirical-upside-roi-walkforward-2026-09-27-0c70af18,/home/russell/dskit/children/index_options/pipeline_runs/index-options-grid-spy-21-empirical-upside-roi-walkforward-2026-09-27-0c70af18,state=ran folds=18 hash=0c70af18 asof=2026-09-27
A0483,execute,index-options-grid-iwm-30-45-empirical-downside-roi walk-forward,2026-09-27T21:35:11+00:00,index-options-grid-iwm-30-45-empirical-downside-roi,/home/russell/dskit/children/index_options/pipeline_runs/index-options-grid-iwm-30-45-empirical-downside-roi-walkforward-2026-09-27-40487e56,/home/russell/dskit/children/index_options/pipeline_runs/index-options-grid-iwm-30-45-empirical-downside-roi-walkforward-2026-09-27-40487e56,state=ran folds=18 hash=40487e56 asof=2026-09-27
A0484,execute,index-options-grid-qqq-30-45-empirical-upside-roi walk-forward,2026-09-27T21:35:12+00:00,index-options-grid-qqq-30-45-empirical-upside-roi,/home/russell/dskit/children/index_options/pipeline_runs/index-options-grid-qqq-30-45-empirical-upside-roi-walkforward-2026-09-27-ae8e5067,/home/russell/dskit/children/index_options/pipeline_runs/index-options-grid-qqq-30-45-empirical-upside-roi-walkforward-2026-09-27-ae8e5067,state=ran folds=15 hash=ae8e5067 asof=2026-09-27
A0485,execute,index-options-grid-spy-30-45-empirical-downside-roi walk-forward,2026-09-27T21:35:23+00:00,index-options-grid-spy-30-45-empirical-downside-roi,/home/russell/dskit/children/index_options/pipeline_runs/index-options-grid-spy-30-45-empirical-downside-roi-walkforward-2026-09-27-35042dcf,/home/russell/dskit/children/index_options/pipeline_runs/index-options-grid-spy-30-45-empirical-downside-roi-walkforward-2026-09-27-35042dcf,state=ran folds=18 hash=35042dcf asof=2026-09-27
A0486,execute,index-options-grid-qqq-5-empirical-downside-roi walk-forward,2026-09-27T21:35:25+00:00,index-options-grid-qqq-5-empirical-downside-roi,/home/russell/dskit/children/index_options/pipeline_runs/index-options-grid-qqq-5-empirical-downside-roi-walkforward-2026-09-27-767f18a4,/home/russell/dskit/children/index_options/pipeline_runs/index-options-grid-qqq-5-empirical-downside-roi-walkforward-2026-09-27-767f18a4,state=ran folds=15 hash=767f18a4 asof=2026-09-27
A0487,execute,index-options-grid-iwm-30-45-empirical-upside-roi walk-forward,2026-09-27T21:35:26+00:00,index-options-grid-iwm-30-45-empirical-upside-roi,/home/russell/dskit/children/index_options/pipeline_runs/index-options-grid-iwm-30-45-empirical-upside-roi-walkforward-2026-09-27-140d600f,/home/russell/dskit/children/index_options/pipeline_runs/index-options-grid-iwm-30-45-empirical-upside-roi-walkforward-2026-09-27-140d600f,state=ran folds=18 hash=140d600f asof=2026-09-27
A0488,execute,index-options-grid-qqq-5-empirical-upside-roi walk-forward,2026-09-27T21:35:36+00:00,index-options-grid-qqq-5-empirical-upside-roi,/home/russell/dskit/children/index_options/pipeline_runs/index-options-grid-qqq-5-empirical-upside-roi-walkforward-2026-09-27-44e785c8,/home/russell/dskit/children/index_options/pipeline_runs/index-options-grid-qqq-5-empirical-upside-roi-walkforward-2026-09-27-44e785c8,state=ran folds=15 hash=44e785c8 asof=2026-09-27
A0489,execute,index-options-grid-spy-30-45-empirical-upside-roi walk-forward,2026-09-27T21:35:36+00:00,index-options-grid-spy-30-45-empirical-upside-roi,/home/russell/dskit/children/index_options/pipeline_runs/index-options-grid-spy-30-45-empirical-upside-roi-walkforward-2026-09-27-a429b002,/home/russell/dskit/children/index_options/pipeline_runs/index-options-grid-spy-30-45-empirical-upside-roi-walkforward-2026-09-27-a429b002,state=ran folds=18 hash=a429b002 asof=2026-09-27
A0490,execute,index-options-grid-iwm-5-empirical-downside-roi walk-forward,2026-09-27T21:35:37+00:00,index-options-grid-iwm-5-empirical-downside-roi,/home/russell/dskit/children/index_options/pipeline_runs/index-options-grid-iwm-5-empirical-downside-roi-walkforward-2026-09-27-161c4f10,/home/russell/dskit/children/index_options/pipeline_runs/index-options-grid-iwm-5-empirical-downside-roi-walkforward-2026-09-27-161c4f10,state=ran folds=18 hash=161c4f10 asof=2026-09-27
A0491,execute,index-options-grid-qqq-7-10-empirical-downside-roi walk-forward,2026-09-27T21:35:49+00:00,index-options-grid-qqq-7-10-empirical-downside-roi,/home/russell/dskit/children/index_options/pipeline_runs/index-options-grid-qqq-7-10-empirical-downside-roi-walkforward-2026-09-27-9d27c913,/home/russell/dskit/children/index_options/pipeline_runs/index-options-grid-qqq-7-10-empirical-downside-roi-walkforward-2026-09-27-9d27c913,state=ran folds=15 hash=9d27c913 asof=2026-09-27
A0492,execute,index-options-grid-spy-5-empirical-downside-roi walk-forward,2026-09-27T21:35:52+00:00,index-options-grid-spy-5-empirical-downside-roi,/home/russell/dskit/children/index_options/pipeline_runs/index-options-grid-spy-5-empirical-downside-roi-walkforward-2026-09-27-c138a3d6,/home/russell/dskit/children/index_options/pipeline_runs/index-options-grid-spy-5-empirical-downside-roi-walkforward-2026-09-27-c138a3d6,state=ran folds=18 hash=c138a3d6 asof=2026-09-27
A0493,execute,index-options-grid-iwm-5-empirical-upside-roi walk-forward,2026-09-27T21:35:52+00:00,index-options-grid-iwm-5-empirical-upside-roi,/home/russell/dskit/children/index_options/pipeline_runs/index-options-grid-iwm-5-empirical-upside-roi-walkforward-2026-09-27-b6f3c4c4,/home/russell/dskit/children/index_options/pipeline_runs/index-options-grid-iwm-5-empirical-upside-roi-walkforward-2026-09-27-b6f3c4c4,state=ran folds=18 hash=b6f3c4c4 asof=2026-09-27
A0494,execute,index-options-grid-qqq-7-10-empirical-upside-roi walk-forward,2026-09-27T21:35:59+00:00,index-options-grid-qqq-7-10-empirical-upside-roi,/home/russell/dskit/children/index_options/pipeline_runs/index-options-grid-qqq-7-10-empirical-upside-roi-walkforward-2026-09-27-16d70ca7,/home/russell/dskit/children/index_options/pipeline_runs/index-options-grid-qqq-7-10-empirical-upside-roi-walkforward-2026-09-27-16d70ca7,state=ran folds=15 hash=16d70ca7 asof=2026-09-27
A0495,execute,index-options-grid-iwm-7-10-empirical-downside-roi walk-forward,2026-09-27T21:36:03+00:00,index-options-grid-iwm-7-10-empirical-downside-roi,/home/russell/dskit/children/index_options/pipeline_runs/index-options-grid-iwm-7-10-empirical-downside-roi-walkforward-2026-09-27-9dffc247,/home/russell/dskit/children/index_options/pipeline_runs/index-options-grid-iwm-7-10-empirical-downside-roi-walkforward-2026-09-27-9dffc247,state=ran folds=18 hash=9dffc247 asof=2026-09-27
A0496,execute,index-options-grid-spy-5-empirical-upside-roi walk-forward,2026-09-27T21:36:04+00:00,index-options-grid-spy-5-empirical-upside-roi,/home/russell/dskit/children/index_options/pipeline_runs/index-options-grid-spy-5-empirical-upside-roi-walkforward-2026-09-27-e5615ea8,/home/russell/dskit/children/index_options/pipeline_runs/index-options-grid-spy-5-empirical-upside-roi-walkforward-2026-09-27-e5615ea8,state=ran folds=18 hash=e5615ea8 asof=2026-09-27
A0497,execute,index-options-grid-iwm-7-10-empirical-upside-roi walk-forward,2026-09-27T21:36:18+00:00,index-options-grid-iwm-7-10-empirical-upside-roi,/home/russell/dskit/children/index_options/pipeline_runs/index-options-grid-iwm-7-10-empirical-upside-roi-walkforward-2026-09-27-ddf1b05d,/home/russell/dskit/children/index_options/pipeline_runs/index-options-grid-iwm-7-10-empirical-upside-roi-walkforward-2026-09-27-ddf1b05d,state=ran folds=18 hash=ddf1b05d asof=2026-09-27
A0498,execute,index-options-grid-spy-7-10-empirical-downside-roi walk-forward,2026-09-27T21:36:21+00:00,index-options-grid-spy-7-10-empirical-downside-roi,/home/russell/dskit/children/index_options/pipeline_runs/index-options-grid-spy-7-10-empirical-downside-roi-walkforward-2026-09-27-904a55cc,/home/russell/dskit/children/index_options/pipeline_runs/index-options-grid-spy-7-10-empirical-downside-roi-walkforward-2026-09-27-904a55cc,state=ran folds=18 hash=904a55cc asof=2026-09-27
A0499,execute,index-options-grid-spy-7-10-empirical-upside-roi walk-forward,2026-09-27T21:36:32+00:00,index-options-grid-spy-7-10-empirical-upside-roi,/home/russell/dskit/children/index_options/pipeline_runs/index-options-grid-spy-7-10-empirical-upside-roi-walkforward-2026-09-27-88f0ec06,/home/russell/dskit/children/index_options/pipeline_runs/index-options-grid-spy-7-10-empirical-upside-roi-walkforward-2026-09-27-88f0ec06,state=ran folds=18 hash=88f0ec06 asof=2026-09-27
A0500,acquire,backfill cboe-index-wide/index_daily,2026-09-27T22:29:15+00:00,--root /home/russell/data/index_options/ob --source cboe-index-wide --stream index_daily --mode backfill,3bd9f9ce84cdc1fb33bd7e0f67e33f80715751ca529734079861f012441a0bbd,/home/russell/data/index_options/ob,
A0501,acquire,register-source fred-market-features,2026-09-27T22:35:57+00:00,--root /home/russell/data/index_options/ob --source  --stream  --mode,7d71dc30f5f48835a31744e775100f0d3bf0507a4fec00a76de92f97870f3788,/home/russell/data/index_options/ob,connector=localfiles
A0502,acquire,backfill fred-market-features/dgs1mo,2026-09-27T22:37:48+00:00,--root /home/russell/data/index_options/ob --source fred-market-features --stream dgs1mo --mode backfill,1cc32d5622d2ab7f64fe2d03d48d013e5488c4f0b381a32be59d5461d76c52e9,/home/russell/data/index_options/ob,
A0503,acquire,backfill fred-market-features/dgs3mo,2026-09-27T22:37:48+00:00,--root /home/russell/data/index_options/ob --source fred-market-features --stream dgs3mo --mode backfill,7248373d6b10451006daf5416d608aaf04a7a9769edf343ea249b06532056a38,/home/russell/data/index_options/ob,
A0504,acquire,backfill fred-market-features/dgs6mo,2026-09-27T22:37:48+00:00,--root /home/russell/data/index_options/ob --source fred-market-features --stream dgs6mo --mode backfill,c3837f2c021709470d51e09b53da7a4b355e7c7753bbf416cb93536c02e15c1c,/home/russell/data/index_options/ob,
A0505,acquire,backfill fred-market-features/dgs1,2026-09-27T22:37:48+00:00,--root /home/russell/data/index_options/ob --source fred-market-features --stream dgs1 --mode backfill,3538f7fb0a28233db68ef907229bf01daa7aa144b5162301bbb1551cf45b8e8f,/home/russell/data/index_options/ob,
A0506,acquire,backfill fred-market-features/dgs2,2026-09-27T22:37:49+00:00,--root /home/russell/data/index_options/ob --source fred-market-features --stream dgs2 --mode backfill,beb6812486d74e8295cb3957be03fc4c5e63ff3c628bd45227a5718943cee8de,/home/russell/data/index_options/ob,
A0507,acquire,backfill fred-market-features/dgs5,2026-09-27T22:37:49+00:00,--root /home/russell/data/index_options/ob --source fred-market-features --stream dgs5 --mode backfill,95e382f2e704ba450b71989a04012966f733dc777d8764b88dff27f17f9bb4ec,/home/russell/data/index_options/ob,
A0508,acquire,backfill fred-market-features/dgs10,2026-09-27T22:37:49+00:00,--root /home/russell/data/index_options/ob --source fred-market-features --stream dgs10 --mode backfill,6863206268f417eb5c215080a3563db1fdaa5e23f04e1c27d64d1954f4ccfd46,/home/russell/data/index_options/ob,
A0509,acquire,backfill fred-market-features/dgs30,2026-09-27T22:37:49+00:00,--root /home/russell/data/index_options/ob --source fred-market-features --stream dgs30 --mode backfill,8a55180c35c40315cc8d20ee29148f2ec2db319fd5365052034a1bb804e75003,/home/russell/data/index_options/ob,
A0510,acquire,backfill fred-market-features/dfii5,2026-09-27T22:37:49+00:00,--root /home/russell/data/index_options/ob --source fred-market-features --stream dfii5 --mode backfill,00ce6b5e9c34a49fa1c464be80954d9c0e96ac7d76fe76e526f69b7e3e2c9276,/home/russell/data/index_options/ob,
A0511,acquire,backfill fred-market-features/dfii10,2026-09-27T22:37:50+00:00,--root /home/russell/data/index_options/ob --source fred-market-features --stream dfii10 --mode backfill,9f1b1c911ae56af7f4e3207435d363f27080dad2a4a96e8e7ab6434264a117ec,/home/russell/data/index_options/ob,
A0512,acquire,backfill fred-market-features/dfii30,2026-09-27T22:37:50+00:00,--root /home/russell/data/index_options/ob --source fred-market-features --stream dfii30 --mode backfill,8646e7afa4275b915174dceac79748ae433f287f065c79c33b5eeb1c3fa6ab31,/home/russell/data/index_options/ob,
A0513,acquire,backfill fred-market-features/t5yie,2026-09-27T22:37:50+00:00,--root /home/russell/data/index_options/ob --source fred-market-features --stream t5yie --mode backfill,a0466308b9b4a3821d5d979d96cb376ce8bd7278f092038241c73404f1668d55,/home/russell/data/index_options/ob,
A0514,acquire,backfill fred-market-features/t10yie,2026-09-27T22:37:50+00:00,--root /home/russell/data/index_options/ob --source fred-market-features --stream t10yie --mode backfill,e5d6278df6592e63b5095e151fb947273cef4ee071e89de21f213ae349d44bfd,/home/russell/data/index_options/ob,
A0515,acquire,backfill fred-market-features/dff,2026-09-27T22:37:51+00:00,--root /home/russell/data/index_options/ob --source fred-market-features --stream dff --mode backfill,e17f2c8a2f4f56314c50600c3c5672dfe41bf598fdc6aa7cfcb5d163b2ec8a78,/home/russell/data/index_options/ob,
A0516,acquire,backfill fred-market-features/sofr,2026-09-27T22:37:51+00:00,--root /home/russell/data/index_options/ob --source fred-market-features --stream sofr --mode backfill,5e7a069b68dc00ec41d67f8ce8237ab41e2c9d6d3d1454ff4b2420ced013335a,/home/russell/data/index_options/ob,
A0517,acquire,backfill fred-market-features/bamlc0a0cm,2026-09-27T22:37:51+00:00,--root /home/russell/data/index_options/ob --source fred-market-features --stream bamlc0a0cm --mode backfill,fb92db8c54c22a5219055a8b4296d81ec12a44068be48ae6b45cccb5292a5ccd,/home/russell/data/index_options/ob,
A0518,acquire,backfill fred-market-features/bamlc0a4cbbb,2026-09-27T22:37:51+00:00,--root /home/russell/data/index_options/ob --source fred-market-features --stream bamlc0a4cbbb --mode backfill,7fbc0722f47cb4e5da0c82fe25baa878b4185ebff38ac53ba9366cd403e2c682,/home/russell/data/index_options/ob,
A0519,acquire,backfill fred-market-features/bamlh0a0hym2,2026-09-27T22:37:51+00:00,--root /home/russell/data/index_options/ob --source fred-market-features --stream bamlh0a0hym2 --mode backfill,83ffb03972f30f4b09423f925fad8c7f3ce9c6ca9a3784d5af38139fde435244,/home/russell/data/index_options/ob,
A0520,acquire,backfill fred-market-features/bamlh0a1hybb,2026-09-27T22:37:51+00:00,--root /home/russell/data/index_options/ob --source fred-market-features --stream bamlh0a1hybb --mode backfill,473cf3f996170c54dcceab9926d36e9a7bb3831fa0b3ac0d4765abaa3609670b,/home/russell/data/index_options/ob,
A0521,acquire,backfill fred-market-features/bamlh0a3hyc,2026-09-27T22:37:51+00:00,--root /home/russell/data/index_options/ob --source fred-market-features --stream bamlh0a3hyc --mode backfill,11e0396ffaec27571f2042a79acec66f9e7b20f3d2345268d0a21070aacc1eb8,/home/russell/data/index_options/ob,
A0522,acquire,backfill fred-market-features/nfci,2026-09-27T22:37:51+00:00,--root /home/russell/data/index_options/ob --source fred-market-features --stream nfci --mode backfill,f6a214d1bb3698f738e846e0ff823d997d843657a9b5392954cf62b4b4477182,/home/russell/data/index_options/ob,
A0523,acquire,backfill fred-market-features/anfci,2026-09-27T22:37:52+00:00,--root /home/russell/data/index_options/ob --source fred-market-features --stream anfci --mode backfill,e00c51fb5ef211d181a730d3e7b31693ad40a7ae4611e138646692ca7763c76c,/home/russell/data/index_options/ob,
A0524,acquire,backfill fred-market-features/stlfsi4,2026-09-27T22:37:52+00:00,--root /home/russell/data/index_options/ob --source fred-market-features --stream stlfsi4 --mode backfill,ac83e2ef737ea219ceefa8c2de616676d813b3af5b84cd2e7910a632f6d7319e,/home/russell/data/index_options/ob,
A0525,acquire,backfill fred-market-features/dtwexbgs,2026-09-27T22:37:49+00:00,--root /home/russell/data/index_options/ob --source fred-market-features --stream dtwexbgs --mode backfill,5f893bfcf04e2dbd5423165e7f8c8805db6ecff45bb0cdc1818516faa1b8f0a2,/home/russell/data/index_options/ob,
A0526,acquire,backfill fred-market-features/dcoilwtico,2026-09-27T22:37:50+00:00,--root /home/russell/data/index_options/ob --source fred-market-features --stream dcoilwtico --mode backfill,d5db83dbb997bfd15a06e708183b2cb00acdc255f3d3c5ef311c8e654c9bb653,/home/russell/data/index_options/ob,
A0527,acquire,backfill fred-market-features/usepuindxd,2026-09-27T22:37:50+00:00,--root /home/russell/data/index_options/ob --source fred-market-features --stream usepuindxd --mode backfill,39d166f2f85cee8c76e9271d6a40f02c1c2574ab6129ffadbba57d3ea47c559a,/home/russell/data/index_options/ob,
A0528,acquire,backfill fred-market-features/tedrate,2026-09-27T22:37:50+00:00,--root /home/russell/data/index_options/ob --source fred-market-features --stream tedrate --mode backfill,c0bee921805398c88daf5fd9d50119a10dc4002376350b607247fcaa8934b0e8,/home/russell/data/index_options/ob,
A0529,acquire,backfill fred-market-features/dcpn3m,2026-09-27T22:37:50+00:00,--root /home/russell/data/index_options/ob --source fred-market-features --stream dcpn3m --mode backfill,93ac8f521a8adc2e87cc62c0577cc2eb7baafb531c3a1811ae19fb3e5ccecde7,/home/russell/data/index_options/ob,
A0530,acquire,backfill fred-market-features/dcpf3m,2026-09-27T22:37:50+00:00,--root /home/russell/data/index_options/ob --source fred-market-features --stream dcpf3m --mode backfill,68feee9a03dde73a2eced5609b0755f08716e5f765d16a8d75cb5ef9e2a87d27,/home/russell/data/index_options/ob,
A0531,acquire,backfill fred-market-features/rrpontsyd,2026-09-27T22:37:51+00:00,--root /home/russell/data/index_options/ob --source fred-market-features --stream rrpontsyd --mode backfill,506b9a7e1da04977811454e18398c9ab4fdd4f2016cfc25c9f01feac85ef865f,/home/russell/data/index_options/ob,
A0532,acquire,backfill fred-market-features/walcl,2026-09-27T22:37:51+00:00,--root /home/russell/data/index_options/ob --source fred-market-features --stream walcl --mode backfill,d061709dd5ecbb6d88f1e7664a4599aaf245cad7d116cbf13f8c9d8146b5f11b,/home/russell/data/index_options/ob,
A0533,research,distribution-modeling/2026-09-27-feature-acquisition,2026-09-27T22:48:26+00:00,Index-options feature acquisition and ranking,docs/research/distribution-modeling/2026-09-27-feature-acquisition.md,docs/research/distribution-modeling/2026-09-27-feature-acquisition.md,
A0534,execute,staged plan,2026-09-27T23:24:12+00:00,/home/russell/dskit-feature-research-20260927/children/index_options/configs/grid/spy-14-temporal-zoo.json,/home/russell/dskit-feature-research-20260927/children/index_options/pipeline_runs/index-options-grid-spy-14-temporal-zoo-staged-2026-09-27-ee139984/stages/plan.json,,stage_token=ee13998469e17356322bcf3b55b829e91d624cd49f28da7d7d6ea7f203f91c95:plan; state=ran; sha256=1857b5f97d8d4825b95f0a44d9dc5bced7e05752201dc5649b1cf1351639848a; reason=
A0535,execute,staged approval,2026-09-27T23:24:12+00:00,/home/russell/dskit-feature-research-20260927/children/index_options/configs/grid/spy-14-temporal-zoo.json,/home/russell/dskit-feature-research-20260927/children/index_options/pipeline_runs/index-options-grid-spy-14-temporal-zoo-staged-2026-09-27-ee139984/stages/approval.json,,stage_token=ee13998469e17356322bcf3b55b829e91d624cd49f28da7d7d6ea7f203f91c95:approval; state=ran; sha256=48e79791ad568a8c5cd5dc01b5288bf24346e3f772ff1f20747846063253826e; reason=
A0536,execute,staged run,2026-09-27T23:24:12+00:00,/home/russell/dskit-feature-research-20260927/children/index_options/configs/grid/spy-14-temporal-zoo.json,/home/russell/dskit-feature-research-20260927/children/index_options/pipeline_runs/index-options-grid-spy-14-temporal-zoo-staged-2026-09-27-ee139984/stages/run.json,,stage_token=ee13998469e17356322bcf3b55b829e91d624cd49f28da7d7d6ea7f203f91c95:run; state=ran; sha256=9c53ad6357e3098662955b141760f32d0e4383d5943f33b557a8b1e583983ae7; reason=
A0537,execute,staged compare,2026-09-27T23:24:12+00:00,/home/russell/dskit-feature-research-20260927/children/index_options/configs/grid/spy-14-temporal-zoo.json,/home/russell/dskit-feature-research-20260927/children/index_options/pipeline_runs/index-options-grid-spy-14-temporal-zoo-staged-2026-09-27-ee139984/stages/compare.json,,stage_token=ee13998469e17356322bcf3b55b829e91d624cd49f28da7d7d6ea7f203f91c95:compare; state=ran; sha256=f401cf28a0edc75a4985d4e9264c5149a75f4caa39aa78d665be431dfd3e4ad5; reason=
A0538,execute,index-options-grid-iwm-1-mlp-temporal-smoke1f walk-forward,2026-09-27T23:25:02+00:00,index-options-grid-iwm-1-mlp-temporal-smoke1f,/home/russell/dskit-feature-research-20260927/children/index_options/pipeline_runs/index-options-grid-iwm-1-mlp-temporal-smoke1f-walkforward-2026-09-27-de231651,/home/russell/dskit-feature-research-20260927/children/index_options/pipeline_runs/index-options-grid-iwm-1-mlp-temporal-smoke1f-walkforward-2026-09-27-de231651,state=error folds=1 hash=de231651 asof=2026-09-27
A0539,execute,index-options-grid-iwm-1-mlp-temporal-smoke1f-data walk-forward,2026-09-27T23:25:33+00:00,index-options-grid-iwm-1-mlp-temporal-smoke1f-data,/home/russell/dskit-feature-research-20260927/children/index_options/pipeline_runs/index-options-grid-iwm-1-mlp-temporal-smoke1f-data-walkforward-2026-09-27-c11eeaff,/home/russell/dskit-feature-research-20260927/children/index_options/pipeline_runs/index-options-grid-iwm-1-mlp-temporal-smoke1f-data-walkforward-2026-09-27-c11eeaff,state=error folds=1 hash=c11eeaff asof=2026-09-27
A0540,execute,index-options-grid-iwm-1-mlp-temporal-smoke-rowind walk-forward,2026-09-27T23:30:23+00:00,index-options-grid-iwm-1-mlp-temporal-smoke-rowind,/home/russell/dskit-feature-research-20260927/children/index_options/pipeline_runs/index-options-grid-iwm-1-mlp-temporal-smoke-rowind-walkforward-2026-09-27-61fb9ab4,/home/russell/dskit-feature-research-20260927/children/index_options/pipeline_runs/index-options-grid-iwm-1-mlp-temporal-smoke-rowind-walkforward-2026-09-27-61fb9ab4,state=ran folds=1 hash=61fb9ab4 asof=2026-09-27
A0541,execute,index-options-grid-iwm-1-gru-temporal-smoke1f walk-forward,2026-09-27T23:31:34+00:00,index-options-grid-iwm-1-gru-temporal-smoke1f,/home/russell/dskit-feature-research-20260927/children/index_options/pipeline_runs/index-options-grid-iwm-1-gru-temporal-smoke1f-walkforward-2026-09-27-13551dd0,/home/russell/dskit-feature-research-20260927/children/index_options/pipeline_runs/index-options-grid-iwm-1-gru-temporal-smoke1f-walkforward-2026-09-27-13551dd0,state=ran folds=1 hash=13551dd0 asof=2026-09-27
A0542,execute,index-options-iwm-1-mlp-temporal-vol-smoke1f walk-forward,2026-09-28T00:15:00+00:00,index-options-iwm-1-mlp-temporal-vol-smoke1f,/home/russell/dskit-feature-research-20260927/children/index_options/pipeline_runs/temporal_feature_selection/smoke_runs/index-options-iwm-1-mlp-temporal-vol-smoke1f-walkforward-2026-09-27-474b597d,/home/russell/dskit-feature-research-20260927/children/index_options/pipeline_runs/temporal_feature_selection/smoke_runs/index-options-iwm-1-mlp-temporal-vol-smoke1f-walkforward-2026-09-27-474b597d,state=error folds=1 hash=474b597d asof=2026-09-27
A0543,execute,index-options-iwm-1-mlp-temporal-vol-smoke1f walk-forward,2026-09-28T00:15:19+00:00,index-options-iwm-1-mlp-temporal-vol-smoke1f,/home/russell/dskit-feature-research-20260927/children/index_options/pipeline_runs/temporal_feature_selection/smoke_runs/index-options-iwm-1-mlp-temporal-vol-smoke1f-walkforward-2026-09-27-78c92d84,/home/russell/dskit-feature-research-20260927/children/index_options/pipeline_runs/temporal_feature_selection/smoke_runs/index-options-iwm-1-mlp-temporal-vol-smoke1f-walkforward-2026-09-27-78c92d84,state=ran folds=1 hash=78c92d84 asof=2026-09-27
A0544,execute,index-options-iwm-1-gru-temporal-vol-smoke1f walk-forward,2026-09-28T00:15:33+00:00,index-options-iwm-1-gru-temporal-vol-smoke1f,/home/russell/dskit-feature-research-20260927/children/index_options/pipeline_runs/temporal_feature_selection/smoke_runs/index-options-iwm-1-gru-temporal-vol-smoke1f-walkforward-2026-09-27-bf6224f3,/home/russell/dskit-feature-research-20260927/children/index_options/pipeline_runs/temporal_feature_selection/smoke_runs/index-options-iwm-1-gru-temporal-vol-smoke1f-walkforward-2026-09-27-bf6224f3,state=ran folds=1 hash=bf6224f3 asof=2026-09-27
A0545,execute,index-options-iwm-1-gru-temporal-vol-smoke1f-60e walk-forward,2026-09-28T00:16:02+00:00,index-options-iwm-1-gru-temporal-vol-smoke1f-60e,/home/russell/dskit-feature-research-20260927/children/index_options/pipeline_runs/temporal_feature_selection/smoke_runs/index-options-iwm-1-gru-temporal-vol-smoke1f-60e-walkforward-2026-09-27-f486d6c4,/home/russell/dskit-feature-research-20260927/children/index_options/pipeline_runs/temporal_feature_selection/smoke_runs/index-options-iwm-1-gru-temporal-vol-smoke1f-60e-walkforward-2026-09-27-f486d6c4,state=ran folds=1 hash=f486d6c4 asof=2026-09-27
A0546,execute,iwm-1-mlp-final-smoke1f walk-forward,2026-09-28T00:17:57+00:00,iwm-1-mlp-final-smoke1f,/home/russell/dskit-feature-research-20260927/children/index_options/pipeline_runs/temporal_feature_selection/smoke_runs/iwm-1-mlp-final-smoke1f-walkforward-2026-09-27-10fbd345,/home/russell/dskit-feature-research-20260927/children/index_options/pipeline_runs/temporal_feature_selection/smoke_runs/iwm-1-mlp-final-smoke1f-walkforward-2026-09-27-10fbd345,state=ran folds=1 hash=10fbd345 asof=2026-09-27
A0547,execute,iwm-1-gru-final-smoke1f walk-forward,2026-09-28T00:17:57+00:00,iwm-1-gru-final-smoke1f,/home/russell/dskit-feature-research-20260927/children/index_options/pipeline_runs/temporal_feature_selection/smoke_runs/iwm-1-gru-final-smoke1f-walkforward-2026-09-27-9d6afb4e,/home/russell/dskit-feature-research-20260927/children/index_options/pipeline_runs/temporal_feature_selection/smoke_runs/iwm-1-gru-final-smoke1f-walkforward-2026-09-27-9d6afb4e,state=ran folds=1 hash=9d6afb4e asof=2026-09-27
A0548,execute,iwm-1-mlp-schedule-smoke1f walk-forward,2026-09-28T12:30:55+00:00,iwm-1-mlp-schedule-smoke1f,/home/russell/dskit-feature-research-20260927/children/index_options/pipeline_runs/temporal_feature_selection/smoke_runs/iwm-1-mlp-schedule-smoke1f-walkforward-2026-09-27-09aebd19,/home/russell/dskit-feature-research-20260927/children/index_options/pipeline_runs/temporal_feature_selection/smoke_runs/iwm-1-mlp-schedule-smoke1f-walkforward-2026-09-27-09aebd19,state=ran folds=1 hash=09aebd19 asof=2026-09-27
A0549,execute,iwm-1-gru-schedule-smoke1f walk-forward,2026-09-28T12:30:59+00:00,iwm-1-gru-schedule-smoke1f,/home/russell/dskit-feature-research-20260927/children/index_options/pipeline_runs/temporal_feature_selection/smoke_runs/iwm-1-gru-schedule-smoke1f-walkforward-2026-09-27-12ba3971,/home/russell/dskit-feature-research-20260927/children/index_options/pipeline_runs/temporal_feature_selection/smoke_runs/iwm-1-gru-schedule-smoke1f-walkforward-2026-09-27-12ba3971,state=ran folds=1 hash=12ba3971 asof=2026-09-27
A0550,execute,index-options-iwm-1-mlp-temporal-vol walk-forward,2026-09-28T12:31:15+00:00,index-options-iwm-1-mlp-temporal-vol,/home/russell/dskit-feature-research-20260927/children/index_options/pipeline_runs/temporal_feature_selection/runs/index-options-iwm-1-mlp-temporal-vol-walkforward-2026-09-27-a65100b5,/home/russell/dskit-feature-research-20260927/children/index_options/pipeline_runs/temporal_feature_selection/runs/index-options-iwm-1-mlp-temporal-vol-walkforward-2026-09-27-a65100b5,state=ran folds=18 hash=a65100b5 asof=2026-09-27
A0551,execute,index-options-iwm-14-mlp-temporal-vol walk-forward,2026-09-28T12:31:15+00:00,index-options-iwm-14-mlp-temporal-vol,/home/russell/dskit-feature-research-20260927/children/index_options/pipeline_runs/temporal_feature_selection/runs/index-options-iwm-14-mlp-temporal-vol-walkforward-2026-09-27-9af915e1,/home/russell/dskit-feature-research-20260927/children/index_options/pipeline_runs/temporal_feature_selection/runs/index-options-iwm-14-mlp-temporal-vol-walkforward-2026-09-27-9af915e1,state=ran folds=18 hash=9af915e1 asof=2026-09-27
A0552,execute,index-options-iwm-1-gru-temporal-vol walk-forward,2026-09-28T12:31:44+00:00,index-options-iwm-1-gru-temporal-vol,/home/russell/dskit-feature-research-20260927/children/index_options/pipeline_runs/temporal_feature_selection/runs/index-options-iwm-1-gru-temporal-vol-walkforward-2026-09-27-900b3606,/home/russell/dskit-feature-research-20260927/children/index_options/pipeline_runs/temporal_feature_selection/runs/index-options-iwm-1-gru-temporal-vol-walkforward-2026-09-27-900b3606,state=ran folds=18 hash=900b3606 asof=2026-09-27
A0553,execute,index-options-iwm-14-gru-temporal-vol walk-forward,2026-09-28T12:31:44+00:00,index-options-iwm-14-gru-temporal-vol,/home/russell/dskit-feature-research-20260927/children/index_options/pipeline_runs/temporal_feature_selection/runs/index-options-iwm-14-gru-temporal-vol-walkforward-2026-09-27-c8333fef,/home/russell/dskit-feature-research-20260927/children/index_options/pipeline_runs/temporal_feature_selection/runs/index-options-iwm-14-gru-temporal-vol-walkforward-2026-09-27-c8333fef,state=ran folds=18 hash=c8333fef asof=2026-09-27
A0554,execute,index-options-iwm-21-mlp-temporal-vol walk-forward,2026-09-28T12:32:01+00:00,index-options-iwm-21-mlp-temporal-vol,/home/russell/dskit-feature-research-20260927/children/index_options/pipeline_runs/temporal_feature_selection/runs/index-options-iwm-21-mlp-temporal-vol-walkforward-2026-09-27-13ef1640,/home/russell/dskit-feature-research-20260927/children/index_options/pipeline_runs/temporal_feature_selection/runs/index-options-iwm-21-mlp-temporal-vol-walkforward-2026-09-27-13ef1640,state=ran folds=18 hash=13ef1640 asof=2026-09-27
A0555,execute,index-options-iwm-2-3-mlp-temporal-vol walk-forward,2026-09-28T12:32:01+00:00,index-options-iwm-2-3-mlp-temporal-vol,/home/russell/dskit-feature-research-20260927/children/index_options/pipeline_runs/temporal_feature_selection/runs/index-options-iwm-2-3-mlp-temporal-vol-walkforward-2026-09-27-3218050c,/home/russell/dskit-feature-research-20260927/children/index_options/pipeline_runs/temporal_feature_selection/runs/index-options-iwm-2-3-mlp-temporal-vol-walkforward-2026-09-27-3218050c,state=ran folds=18 hash=3218050c asof=2026-09-27
A0556,execute,index-options-iwm-21-gru-temporal-vol walk-forward,2026-09-28T12:32:26+00:00,index-options-iwm-21-gru-temporal-vol,/home/russell/dskit-feature-research-20260927/children/index_options/pipeline_runs/temporal_feature_selection/runs/index-options-iwm-21-gru-temporal-vol-walkforward-2026-09-27-1c39fc34,/home/russell/dskit-feature-research-20260927/children/index_options/pipeline_runs/temporal_feature_selection/runs/index-options-iwm-21-gru-temporal-vol-walkforward-2026-09-27-1c39fc34,state=ran folds=18 hash=1c39fc34 asof=2026-09-27
A0557,execute,index-options-iwm-2-3-gru-temporal-vol walk-forward,2026-09-28T12:32:27+00:00,index-options-iwm-2-3-gru-temporal-vol,/home/russell/dskit-feature-research-20260927/children/index_options/pipeline_runs/temporal_feature_selection/runs/index-options-iwm-2-3-gru-temporal-vol-walkforward-2026-09-27-93d43689,/home/russell/dskit-feature-research-20260927/children/index_options/pipeline_runs/temporal_feature_selection/runs/index-options-iwm-2-3-gru-temporal-vol-walkforward-2026-09-27-93d43689,state=ran folds=18 hash=93d43689 asof=2026-09-27
A0558,execute,index-options-iwm-30-45-mlp-temporal-vol walk-forward,2026-09-28T12:32:44+00:00,index-options-iwm-30-45-mlp-temporal-vol,/home/russell/dskit-feature-research-20260927/children/index_options/pipeline_runs/temporal_feature_selection/runs/index-options-iwm-30-45-mlp-temporal-vol-walkforward-2026-09-27-755f7037,/home/russell/dskit-feature-research-20260927/children/index_options/pipeline_runs/temporal_feature_selection/runs/index-options-iwm-30-45-mlp-temporal-vol-walkforward-2026-09-27-755f7037,state=ran folds=18 hash=755f7037 asof=2026-09-27
A0559,execute,index-options-iwm-5-mlp-temporal-vol walk-forward,2026-09-28T12:32:44+00:00,index-options-iwm-5-mlp-temporal-vol,/home/russell/dskit-feature-research-20260927/children/index_options/pipeline_runs/temporal_feature_selection/runs/index-options-iwm-5-mlp-temporal-vol-walkforward-2026-09-27-8d17e4e7,/home/russell/dskit-feature-research-20260927/children/index_options/pipeline_runs/temporal_feature_selection/runs/index-options-iwm-5-mlp-temporal-vol-walkforward-2026-09-27-8d17e4e7,state=ran folds=18 hash=8d17e4e7 asof=2026-09-27
A0560,execute,index-options-iwm-30-45-gru-temporal-vol walk-forward,2026-09-28T12:33:09+00:00,index-options-iwm-30-45-gru-temporal-vol,/home/russell/dskit-feature-research-20260927/children/index_options/pipeline_runs/temporal_feature_selection/runs/index-options-iwm-30-45-gru-temporal-vol-walkforward-2026-09-27-84ee991e,/home/russell/dskit-feature-research-20260927/children/index_options/pipeline_runs/temporal_feature_selection/runs/index-options-iwm-30-45-gru-temporal-vol-walkforward-2026-09-27-84ee991e,state=ran folds=18 hash=84ee991e asof=2026-09-27
A0561,execute,index-options-iwm-5-gru-temporal-vol walk-forward,2026-09-28T12:33:10+00:00,index-options-iwm-5-gru-temporal-vol,/home/russell/dskit-feature-research-20260927/children/index_options/pipeline_runs/temporal_feature_selection/runs/index-options-iwm-5-gru-temporal-vol-walkforward-2026-09-27-593f9cf9,/home/russell/dskit-feature-research-20260927/children/index_options/pipeline_runs/temporal_feature_selection/runs/index-options-iwm-5-gru-temporal-vol-walkforward-2026-09-27-593f9cf9,state=ran folds=18 hash=593f9cf9 asof=2026-09-27
A0562,execute,index-options-qqq-1-mlp-temporal-vol walk-forward,2026-09-28T12:33:25+00:00,index-options-qqq-1-mlp-temporal-vol,/home/russell/dskit-feature-research-20260927/children/index_options/pipeline_runs/temporal_feature_selection/runs/index-options-qqq-1-mlp-temporal-vol-walkforward-2026-09-27-80dc19d6,/home/russell/dskit-feature-research-20260927/children/index_options/pipeline_runs/temporal_feature_selection/runs/index-options-qqq-1-mlp-temporal-vol-walkforward-2026-09-27-80dc19d6,state=ran folds=15 hash=80dc19d6 asof=2026-09-27
A0563,execute,index-options-iwm-7-10-mlp-temporal-vol walk-forward,2026-09-28T12:33:26+00:00,index-options-iwm-7-10-mlp-temporal-vol,/home/russell/dskit-feature-research-20260927/children/index_options/pipeline_runs/temporal_feature_selection/runs/index-options-iwm-7-10-mlp-temporal-vol-walkforward-2026-09-27-62deee25,/home/russell/dskit-feature-research-20260927/children/index_options/pipeline_runs/temporal_feature_selection/runs/index-options-iwm-7-10-mlp-temporal-vol-walkforward-2026-09-27-62deee25,state=ran folds=18 hash=62deee25 asof=2026-09-27
A0564,execute,index-options-iwm-7-10-gru-temporal-vol walk-forward,2026-09-28T12:33:52+00:00,index-options-iwm-7-10-gru-temporal-vol,/home/russell/dskit-feature-research-20260927/children/index_options/pipeline_runs/temporal_feature_selection/runs/index-options-iwm-7-10-gru-temporal-vol-walkforward-2026-09-27-73b7dbe0,/home/russell/dskit-feature-research-20260927/children/index_options/pipeline_runs/temporal_feature_selection/runs/index-options-iwm-7-10-gru-temporal-vol-walkforward-2026-09-27-73b7dbe0,state=ran folds=18 hash=73b7dbe0 asof=2026-09-27
A0565,execute,index-options-qqq-1-gru-temporal-vol walk-forward,2026-09-28T12:33:59+00:00,index-options-qqq-1-gru-temporal-vol,/home/russell/dskit-feature-research-20260927/children/index_options/pipeline_runs/temporal_feature_selection/runs/index-options-qqq-1-gru-temporal-vol-walkforward-2026-09-27-10f4310b,/home/russell/dskit-feature-research-20260927/children/index_options/pipeline_runs/temporal_feature_selection/runs/index-options-qqq-1-gru-temporal-vol-walkforward-2026-09-27-10f4310b,state=ran folds=15 hash=10f4310b asof=2026-09-27
A0566,execute,index-options-qqq-14-mlp-temporal-vol walk-forward,2026-09-28T12:34:17+00:00,index-options-qqq-14-mlp-temporal-vol,/home/russell/dskit-feature-research-20260927/children/index_options/pipeline_runs/temporal_feature_selection/runs/index-options-qqq-14-mlp-temporal-vol-walkforward-2026-09-27-cde320e7,/home/russell/dskit-feature-research-20260927/children/index_options/pipeline_runs/temporal_feature_selection/runs/index-options-qqq-14-mlp-temporal-vol-walkforward-2026-09-27-cde320e7,state=ran folds=15 hash=cde320e7 asof=2026-09-27
A0567,execute,index-options-qqq-2-3-mlp-temporal-vol walk-forward,2026-09-28T12:34:17+00:00,index-options-qqq-2-3-mlp-temporal-vol,/home/russell/dskit-feature-research-20260927/children/index_options/pipeline_runs/temporal_feature_selection/runs/index-options-qqq-2-3-mlp-temporal-vol-walkforward-2026-09-27-4c89f6df,/home/russell/dskit-feature-research-20260927/children/index_options/pipeline_runs/temporal_feature_selection/runs/index-options-qqq-2-3-mlp-temporal-vol-walkforward-2026-09-27-4c89f6df,state=ran folds=15 hash=4c89f6df asof=2026-09-27
A0568,execute,index-options-qqq-2-3-gru-temporal-vol walk-forward,2026-09-28T12:34:50+00:00,index-options-qqq-2-3-gru-temporal-vol,/home/russell/dskit-feature-research-20260927/children/index_options/pipeline_runs/temporal_feature_selection/runs/index-options-qqq-2-3-gru-temporal-vol-walkforward-2026-09-27-0461273e,/home/russell/dskit-feature-research-20260927/children/index_options/pipeline_runs/temporal_feature_selection/runs/index-options-qqq-2-3-gru-temporal-vol-walkforward-2026-09-27-0461273e,state=ran folds=15 hash=0461273e asof=2026-09-27
A0569,execute,index-options-qqq-14-gru-temporal-vol walk-forward,2026-09-28T12:34:50+00:00,index-options-qqq-14-gru-temporal-vol,/home/russell/dskit-feature-research-20260927/children/index_options/pipeline_runs/temporal_feature_selection/runs/index-options-qqq-14-gru-temporal-vol-walkforward-2026-09-27-a13960ce,/home/russell/dskit-feature-research-20260927/children/index_options/pipeline_runs/temporal_feature_selection/runs/index-options-qqq-14-gru-temporal-vol-walkforward-2026-09-27-a13960ce,state=ran folds=15 hash=a13960ce asof=2026-09-27
A0570,execute,index-options-qqq-30-45-mlp-temporal-vol walk-forward,2026-09-28T12:35:08+00:00,index-options-qqq-30-45-mlp-temporal-vol,/home/russell/dskit-feature-research-20260927/children/index_options/pipeline_runs/temporal_feature_selection/runs/index-options-qqq-30-45-mlp-temporal-vol-walkforward-2026-09-27-706d554d,/home/russell/dskit-feature-research-20260927/children/index_options/pipeline_runs/temporal_feature_selection/runs/index-options-qqq-30-45-mlp-temporal-vol-walkforward-2026-09-27-706d554d,state=ran folds=15 hash=706d554d asof=2026-09-27
A0571,execute,index-options-qqq-21-mlp-temporal-vol walk-forward,2026-09-28T12:35:08+00:00,index-options-qqq-21-mlp-temporal-vol,/home/russell/dskit-feature-research-20260927/children/index_options/pipeline_runs/temporal_feature_selection/runs/index-options-qqq-21-mlp-temporal-vol-walkforward-2026-09-27-e86c1dd8,/home/russell/dskit-feature-research-20260927/children/index_options/pipeline_runs/temporal_feature_selection/runs/index-options-qqq-21-mlp-temporal-vol-walkforward-2026-09-27-e86c1dd8,state=ran folds=15 hash=e86c1dd8 asof=2026-09-27
A0572,execute,index-options-qqq-30-45-gru-temporal-vol walk-forward,2026-09-28T12:35:41+00:00,index-options-qqq-30-45-gru-temporal-vol,/home/russell/dskit-feature-research-20260927/children/index_options/pipeline_runs/temporal_feature_selection/runs/index-options-qqq-30-45-gru-temporal-vol-walkforward-2026-09-27-2e0ff10a,/home/russell/dskit-feature-research-20260927/children/index_options/pipeline_runs/temporal_feature_selection/runs/index-options-qqq-30-45-gru-temporal-vol-walkforward-2026-09-27-2e0ff10a,state=ran folds=15 hash=2e0ff10a asof=2026-09-27
A0573,execute,index-options-qqq-21-gru-temporal-vol walk-forward,2026-09-28T12:35:41+00:00,index-options-qqq-21-gru-temporal-vol,/home/russell/dskit-feature-research-20260927/children/index_options/pipeline_runs/temporal_feature_selection/runs/index-options-qqq-21-gru-temporal-vol-walkforward-2026-09-27-221f7b71,/home/russell/dskit-feature-research-20260927/children/index_options/pipeline_runs/temporal_feature_selection/runs/index-options-qqq-21-gru-temporal-vol-walkforward-2026-09-27-221f7b71,state=ran folds=15 hash=221f7b71 asof=2026-09-27
A0574,execute,index-options-qqq-5-mlp-temporal-vol walk-forward,2026-09-28T12:35:57+00:00,index-options-qqq-5-mlp-temporal-vol,/home/russell/dskit-feature-research-20260927/children/index_options/pipeline_runs/temporal_feature_selection/runs/index-options-qqq-5-mlp-temporal-vol-walkforward-2026-09-27-c0416aac,/home/russell/dskit-feature-research-20260927/children/index_options/pipeline_runs/temporal_feature_selection/runs/index-options-qqq-5-mlp-temporal-vol-walkforward-2026-09-27-c0416aac,state=ran folds=15 hash=c0416aac asof=2026-09-27
A0575,execute,index-options-qqq-7-10-mlp-temporal-vol walk-forward,2026-09-28T12:35:57+00:00,index-options-qqq-7-10-mlp-temporal-vol,/home/russell/dskit-feature-research-20260927/children/index_options/pipeline_runs/temporal_feature_selection/runs/index-options-qqq-7-10-mlp-temporal-vol-walkforward-2026-09-27-8f76c2f4,/home/russell/dskit-feature-research-20260927/children/index_options/pipeline_runs/temporal_feature_selection/runs/index-options-qqq-7-10-mlp-temporal-vol-walkforward-2026-09-27-8f76c2f4,state=ran folds=15 hash=8f76c2f4 asof=2026-09-27
A0576,execute,index-options-qqq-7-10-gru-temporal-vol walk-forward,2026-09-28T12:36:31+00:00,index-options-qqq-7-10-gru-temporal-vol,/home/russell/dskit-feature-research-20260927/children/index_options/pipeline_runs/temporal_feature_selection/runs/index-options-qqq-7-10-gru-temporal-vol-walkforward-2026-09-27-d25d6909,/home/russell/dskit-feature-research-20260927/children/index_options/pipeline_runs/temporal_feature_selection/runs/index-options-qqq-7-10-gru-temporal-vol-walkforward-2026-09-27-d25d6909,state=ran folds=15 hash=d25d6909 asof=2026-09-27
A0577,execute,index-options-qqq-5-gru-temporal-vol walk-forward,2026-09-28T12:36:31+00:00,index-options-qqq-5-gru-temporal-vol,/home/russell/dskit-feature-research-20260927/children/index_options/pipeline_runs/temporal_feature_selection/runs/index-options-qqq-5-gru-temporal-vol-walkforward-2026-09-27-b478f17b,/home/russell/dskit-feature-research-20260927/children/index_options/pipeline_runs/temporal_feature_selection/runs/index-options-qqq-5-gru-temporal-vol-walkforward-2026-09-27-b478f17b,state=ran folds=15 hash=b478f17b asof=2026-09-27
A0578,execute,index-options-spy-14-mlp-temporal-vol walk-forward,2026-09-28T12:36:52+00:00,index-options-spy-14-mlp-temporal-vol,/home/russell/dskit-feature-research-20260927/children/index_options/pipeline_runs/temporal_feature_selection/runs/index-options-spy-14-mlp-temporal-vol-walkforward-2026-09-27-19276c25,/home/russell/dskit-feature-research-20260927/children/index_options/pipeline_runs/temporal_feature_selection/runs/index-options-spy-14-mlp-temporal-vol-walkforward-2026-09-27-19276c25,state=ran folds=18 hash=19276c25 asof=2026-09-27
A0579,execute,index-options-spy-1-mlp-temporal-vol walk-forward,2026-09-28T12:36:52+00:00,index-options-spy-1-mlp-temporal-vol,/home/russell/dskit-feature-research-20260927/children/index_options/pipeline_runs/temporal_feature_selection/runs/index-options-spy-1-mlp-temporal-vol-walkforward-2026-09-27-8f345c6f,/home/russell/dskit-feature-research-20260927/children/index_options/pipeline_runs/temporal_feature_selection/runs/index-options-spy-1-mlp-temporal-vol-walkforward-2026-09-27-8f345c6f,state=ran folds=18 hash=8f345c6f asof=2026-09-27
A0580,execute,index-options-spy-1-gru-temporal-vol walk-forward,2026-09-28T12:37:27+00:00,index-options-spy-1-gru-temporal-vol,/home/russell/dskit-feature-research-20260927/children/index_options/pipeline_runs/temporal_feature_selection/runs/index-options-spy-1-gru-temporal-vol-walkforward-2026-09-27-d4da36c6,/home/russell/dskit-feature-research-20260927/children/index_options/pipeline_runs/temporal_feature_selection/runs/index-options-spy-1-gru-temporal-vol-walkforward-2026-09-27-d4da36c6,state=ran folds=18 hash=d4da36c6 asof=2026-09-27
A0581,execute,index-options-spy-14-gru-temporal-vol walk-forward,2026-09-28T12:37:27+00:00,index-options-spy-14-gru-temporal-vol,/home/russell/dskit-feature-research-20260927/children/index_options/pipeline_runs/temporal_feature_selection/runs/index-options-spy-14-gru-temporal-vol-walkforward-2026-09-27-789ee298,/home/russell/dskit-feature-research-20260927/children/index_options/pipeline_runs/temporal_feature_selection/runs/index-options-spy-14-gru-temporal-vol-walkforward-2026-09-27-789ee298,state=ran folds=18 hash=789ee298 asof=2026-09-27
A0582,execute,index-options-spy-21-mlp-temporal-vol walk-forward,2026-09-28T12:37:47+00:00,index-options-spy-21-mlp-temporal-vol,/home/russell/dskit-feature-research-20260927/children/index_options/pipeline_runs/temporal_feature_selection/runs/index-options-spy-21-mlp-temporal-vol-walkforward-2026-09-27-cfbe4309,/home/russell/dskit-feature-research-20260927/children/index_options/pipeline_runs/temporal_feature_selection/runs/index-options-spy-21-mlp-temporal-vol-walkforward-2026-09-27-cfbe4309,state=ran folds=18 hash=cfbe4309 asof=2026-09-27
A0583,execute,index-options-spy-2-3-mlp-temporal-vol walk-forward,2026-09-28T12:37:47+00:00,index-options-spy-2-3-mlp-temporal-vol,/home/russell/dskit-feature-research-20260927/children/index_options/pipeline_runs/temporal_feature_selection/runs/index-options-spy-2-3-mlp-temporal-vol-walkforward-2026-09-27-202d12c8,/home/russell/dskit-feature-research-20260927/children/index_options/pipeline_runs/temporal_feature_selection/runs/index-options-spy-2-3-mlp-temporal-vol-walkforward-2026-09-27-202d12c8,state=ran folds=18 hash=202d12c8 asof=2026-09-27
A0584,execute,index-options-spy-2-3-gru-temporal-vol walk-forward,2026-09-28T12:38:24+00:00,index-options-spy-2-3-gru-temporal-vol,/home/russell/dskit-feature-research-20260927/children/index_options/pipeline_runs/temporal_feature_selection/runs/index-options-spy-2-3-gru-temporal-vol-walkforward-2026-09-27-a69d8fff,/home/russell/dskit-feature-research-20260927/children/index_options/pipeline_runs/temporal_feature_selection/runs/index-options-spy-2-3-gru-temporal-vol-walkforward-2026-09-27-a69d8fff,state=ran folds=18 hash=a69d8fff asof=2026-09-27
A0585,execute,index-options-spy-21-gru-temporal-vol walk-forward,2026-09-28T12:38:25+00:00,index-options-spy-21-gru-temporal-vol,/home/russell/dskit-feature-research-20260927/children/index_options/pipeline_runs/temporal_feature_selection/runs/index-options-spy-21-gru-temporal-vol-walkforward-2026-09-27-38a17899,/home/russell/dskit-feature-research-20260927/children/index_options/pipeline_runs/temporal_feature_selection/runs/index-options-spy-21-gru-temporal-vol-walkforward-2026-09-27-38a17899,state=ran folds=18 hash=38a17899 asof=2026-09-27
A0586,execute,index-options-spy-30-45-mlp-temporal-vol walk-forward,2026-09-28T12:38:43+00:00,index-options-spy-30-45-mlp-temporal-vol,/home/russell/dskit-feature-research-20260927/children/index_options/pipeline_runs/temporal_feature_selection/runs/index-options-spy-30-45-mlp-temporal-vol-walkforward-2026-09-27-ca011a85,/home/russell/dskit-feature-research-20260927/children/index_options/pipeline_runs/temporal_feature_selection/runs/index-options-spy-30-45-mlp-temporal-vol-walkforward-2026-09-27-ca011a85,state=ran folds=18 hash=ca011a85 asof=2026-09-27
A0587,execute,index-options-spy-5-mlp-temporal-vol walk-forward,2026-09-28T12:38:43+00:00,index-options-spy-5-mlp-temporal-vol,/home/russell/dskit-feature-research-20260927/children/index_options/pipeline_runs/temporal_feature_selection/runs/index-options-spy-5-mlp-temporal-vol-walkforward-2026-09-27-718a26ce,/home/russell/dskit-feature-research-20260927/children/index_options/pipeline_runs/temporal_feature_selection/runs/index-options-spy-5-mlp-temporal-vol-walkforward-2026-09-27-718a26ce,state=ran folds=18 hash=718a26ce asof=2026-09-27
A0588,execute,index-options-spy-30-45-gru-temporal-vol walk-forward,2026-09-28T12:39:20+00:00,index-options-spy-30-45-gru-temporal-vol,/home/russell/dskit-feature-research-20260927/children/index_options/pipeline_runs/temporal_feature_selection/runs/index-options-spy-30-45-gru-temporal-vol-walkforward-2026-09-27-e2e27d9e,/home/russell/dskit-feature-research-20260927/children/index_options/pipeline_runs/temporal_feature_selection/runs/index-options-spy-30-45-gru-temporal-vol-walkforward-2026-09-27-e2e27d9e,state=ran folds=18 hash=e2e27d9e asof=2026-09-27
A0589,execute,index-options-spy-5-gru-temporal-vol walk-forward,2026-09-28T12:39:21+00:00,index-options-spy-5-gru-temporal-vol,/home/russell/dskit-feature-research-20260927/children/index_options/pipeline_runs/temporal_feature_selection/runs/index-options-spy-5-gru-temporal-vol-walkforward-2026-09-27-754bc61b,/home/russell/dskit-feature-research-20260927/children/index_options/pipeline_runs/temporal_feature_selection/runs/index-options-spy-5-gru-temporal-vol-walkforward-2026-09-27-754bc61b,state=ran folds=18 hash=754bc61b asof=2026-09-27
A0590,execute,index-options-spy-7-10-mlp-temporal-vol walk-forward,2026-09-28T12:39:37+00:00,index-options-spy-7-10-mlp-temporal-vol,/home/russell/dskit-feature-research-20260927/children/index_options/pipeline_runs/temporal_feature_selection/runs/index-options-spy-7-10-mlp-temporal-vol-walkforward-2026-09-27-4b77e902,/home/russell/dskit-feature-research-20260927/children/index_options/pipeline_runs/temporal_feature_selection/runs/index-options-spy-7-10-mlp-temporal-vol-walkforward-2026-09-27-4b77e902,state=ran folds=18 hash=4b77e902 asof=2026-09-27
A0591,execute,index-options-spy-7-10-gru-temporal-vol walk-forward,2026-09-28T12:40:12+00:00,index-options-spy-7-10-gru-temporal-vol,/home/russell/dskit-feature-research-20260927/children/index_options/pipeline_runs/temporal_feature_selection/runs/index-options-spy-7-10-gru-temporal-vol-walkforward-2026-09-27-3051985c,/home/russell/dskit-feature-research-20260927/children/index_options/pipeline_runs/temporal_feature_selection/runs/index-options-spy-7-10-gru-temporal-vol-walkforward-2026-09-27-3051985c,state=ran folds=18 hash=3051985c asof=2026-09-27
A0592,research,distribution-modeling/2026-09-28-temporal-mlp-gru-screen,2026-09-28T12:46:40+00:00,Temporal MLP/GRU screen across 21 index-option cells,docs/research/distribution-modeling/2026-09-28-temporal-mlp-gru-screen.md,docs/research/distribution-modeling/2026-09-28-temporal-mlp-gru-screen.md,
A0593,research,distribution-modeling/2026-09-28-fixed-feature-model-zoo-selection,2026-09-28T13:40:14+00:00,Fixed-feature model zoo selects Ridge for forward volatility,docs/research/distribution-modeling/2026-09-28-fixed-feature-model-zoo-selection.md,docs/research/distribution-modeling/2026-09-28-fixed-feature-model-zoo-selection.md,
A0594,execute,fixed-feature 18-model variability zoo,2026-09-28T13:40:48+00:00,protocol_sha256=4ae68c81539b99134ac9351ea80d098e07f20d7bc357f4581ae3d41a96ae4afa,summary_sha256=0cbb4a34cd2977d161c6d952aabd40fe6af558f3a2154a2bbb233d0ab6c13873,pipeline_runs/feature_zoo_20260928,state=ran feature_fits=648 zoo_fits=2646 models=18 cells=21 folds_per_model=147 champion=ridge point_winner=elasticnet neural=mlp challenger=tcn device=cpu cuda_verified_afterward
A0595,research,distribution-modeling/2026-09-28-final-elasticnet-output-and-cell-skill,2026-09-28T14:12:43+00:00,"Final ElasticNet output, training protocol, and 21-cell skill grid",docs/research/distribution-modeling/2026-09-28-final-elasticnet-output-and-cell-skill.md,docs/research/distribution-modeling/2026-09-28-final-elasticnet-output-and-cell-skill.md,
A0596,execute,endpoint-inclusive ElasticNet HPO and final coefficient refit,2026-09-28T14:12:44+00:00,protocol_sha256=86555dc1ec9a2ec0324ab3ac8bdc3745461c464c288ef0715635be184cc15632,summary_sha256=259ed47b52097285ccb1221b7b046ced56878d6c3a435d031794d251b3b5b2cd coefficients_sha256=67fcda6a078bcdd35fa14a94d8aa08446d0bf4208061b3b4ea2f8647526a8b7a,pipeline_runs/elasticnet_hpo_20260928,state=ran candidates=90 development_fits=11340 locked_folds=147 cells=21 alpha=0.03 l1_ratio=0.5 endpoints=included architecture=elasticnet
A0597,research,distribution-modeling/2026-09-28-exact-expiry-feature-selection-model-zoo,2026-09-28T15:37:25+00:00,"Exact-expiry feature selection, model zoo, and TCN selection",docs/research/distribution-modeling/2026-09-28-exact-expiry-feature-selection-model-zoo.md,docs/research/distribution-modeling/2026-09-28-exact-expiry-feature-selection-model-zoo.md,
A0598,research,distribution-modeling/2026-09-28-exact-expiry-tcn-output-and-day-skill,2026-09-28T15:37:25+00:00,"Exact-expiry TCN output, validation, and day-level skill",docs/research/distribution-modeling/2026-09-28-exact-expiry-tcn-output-and-day-skill.md,docs/research/distribution-modeling/2026-09-28-exact-expiry-tcn-output-and-day-skill.md,
A0599,execute,"exact-expiry feature selection, 18-model zoo, TCN HPO, and locked evaluation",2026-09-28T15:38:18+00:00,protocol_sha256=41de7168cf08945d17e0248288215acde46c138ec3a947aae01388e8477a5733 archive_rows=53407120 expiry_series=5182,zoo_sha256=1e63946edc29946846486eb4f6f6a6b6b960418d3cbada32bedfbb5599cedbfb predictions_sha256=9aace8020713dd75d52fbfcf2be98de7502a31e99a2b5484d23f8f55fce3b7b7 summary_sha256=7543c69451f551d5e24f7f8cb673d53e8d32a7f136c8cd96439002ad50d8bb29,pipeline_runs/exact_maturity_20260928,state=ran target=exact_expiry_integrated_variance features=49 models=18 hpo_candidates=36 hpo_fits=648 evaluation_rows=68084 champion=tcn full_equal_day_skill=0.1599 recent_equal_day_skill=0.0043 cuda=rtx5060ti censored_rows=refused
A0600,research,corrected exact-expiry model and output memos with sample sizes,2026-09-28T17:29:54+00:00,raw-variance diagnosis; corrected daily-RMS evidence,docs/research/distribution-modeling/2026-09-28-exact-expiry-feature-selection-model-zoo.md; docs/research/distribution-modeling/2026-09-28-exact-expiry-tcn-output-and-day-skill.md,,"supersedes=A0597,A0598 counts=all_exact_dte_cells train_validation=all_folds"
A0601,execute,"rerun exact-expiry selection, zoo, ElasticNet HPO, and evaluation",2026-09-28T17:29:55+00:00,protocol_sha256=dda6da89b2ca74d9112e8196555d8f0385c26d99a1bcb207e0e2a66da6904253 archive_rows=53407120 expiry_series=5182,zoo_sha256=7f8b6a7f068314e9b67ba42addd60bded7c9aac0a575bb931161f6f198dbd4b5 predictions_sha256=15a506251a0a857a670cc81067090e1ade42a7b4293e77b3922efd101fce89b1 summary_sha256=86a02044efc793af1b75c9e083eb19de894f1f30acda6e8db856d989f26ddab5,pipeline_runs/exact_maturity_rms_20260928,supersedes=A0599 state=ran target=exact_window_daily_rms features=38 models=18 hpo_candidates=90 hpo_fits=1620 evaluation_rows=68084 champion=elasticnet alpha=0.03 l1_ratio=0.75 full_equal_day_skill=0.4037 recent_equal_day_skill=0.3893 cell_counts=reported fold_counts=reported
A0602,research,distribution-modeling/2026-09-28-predictive-cdf-condor-research,2026-09-28T18:42:17+00:00,Predictive CDF research for exact-expiry condor expected returns,docs/research/distribution-modeling/2026-09-28-predictive-cdf-condor-research.md,docs/research/distribution-modeling/2026-09-28-predictive-cdf-condor-research.md,
A0603,research,compare conditional CDF approaches for exact-expiry condor payoffs,2026-09-28T18:52:18+00:00,primary literature; nine-ref repository sweep; owner price-query CDF objective,docs/research/distribution-modeling/2026-09-28-predictive-cdf-condor-research.md,docs/research/distribution-modeling/2026-09-28-predictive-cdf-condor-research.md,expands=A0602 empirical_monotone_cdf_quantile_lightgbm_mixture_mlp numerical_payoff_identity=passed training=not_run
A0604,execute,bounded exact-expiry predictive CDF comparison and recommendation,2026-09-28T19:55:35+00:00,configs/run-predictive-cdf-comparison.json source=0fa4da8b config_sha256=ad84da428d4763b123589b4e94833c654c58242db2d0842e77f722e1d5049978,docs/memos/2026-09-28-predictive-cdf-comparison.md; ../../docs/review-evidence/ADR-0189.md,pipeline_runs/predictive_cdf_reviewed_20260928,state=ran models=6 folds=30 features=39 dev_rows=19014 eval_rows=68084 exact_day_cells=135 wall_seconds=629.56 peak_host_kib=3047744 empirical_reference_retained mlp3_spy_challenger no_trading fresh_reviews_C0_M0 tests=43 superseded_initial_run=predictive_cdf_20260928
A0605,research,distribution-modeling/2026-09-28-cdf-distribution-assumptions-hpo,2026-09-28T20:18:29+00:00,distribution assumptions and pooled-head CDF HPO,docs/research/distribution-modeling/2026-09-28-cdf-distribution-assumptions-hpo.md,docs/research/distribution-modeling/2026-09-28-cdf-distribution-assumptions-hpo.md,
A0606,execute,cdf-hpo-pooled-heads,2026-09-28T21:18:57+00:00,configs/run-predictive-cdf-hpo.json,docs/memos/2026-09-28-predictive-cdf-hpo.md,pipeline_runs/predictive_cdf_hpo_20260928,All24 neural candidates and9final models completed viaJSON CLI; Luna reviews closed; fullCDF no lift; pooled boundedlossMSE +3.05percent secondary; no trading
A0607,execute,cdf-additional-methods-comparison,2026-09-28T23:09:39+00:00,configs/run-predictive-cdf-methods.json,docs/memos/2026-09-28-predictive-cdf-methods.md,pipeline_runs/predictive_cdf_methods_20260928,nine_candidates_complete_135_cells_blend_skill_0.818_percent_C0_M0_no_trading
A0608,execute,cdf_blend_refinement,2026-09-29T00:21:59+00:00,configs/run-predictive-cdf-refinement.json,docs/memos/2026-09-28-predictive-cdf-refinement.md,pipeline_runs/predictive_cdf_refinement_20260928,13_candidates_complete_primary_small035_gain0150pct_uncertain_downside_worse_no_trading
A0609,execute,cdf_downside_iteration,2026-09-29T01:41:03+00:00,configs/run-predictive-cdf-downside.json,docs/memos/2026-09-28-predictive-cdf-downside.md,pipeline_runs/predictive_cdf_downside_20260928,nine_candidates_complete_floor_gain0164pct_uncertain_guard_failed_keep_incumbent_C0_M0_no_trading
A0610,execute,cdf_option_surface_tail_adaptive,2026-09-29T18:56:18+00:00,configs/run-predictive-cdf-option-surface.json,docs/memos/2026-09-29-predictive-cdf-option-surface.md,pipeline_runs/predictive_cdf_option_surface_20260929,13_candidates_complete_135_cells_none_passed_guard_keep_incumbent_no_trading
A0611,research,strategy-alternatives/2026-09-30-survey,2026-09-30T13:22:30+00:00,Index-option strategies beyond the iron condor: evidence survey,docs/research/strategy-alternatives/2026-09-30-survey.md,docs/research/strategy-alternatives/2026-09-30-survey.md,
A0612,research,strategy-alternatives/2026-09-30-synthesis,2026-09-30T13:22:30+00:00,Strategy alternatives memo: what to model after the condor,docs/research/strategy-alternatives/2026-09-30-synthesis.md,docs/research/strategy-alternatives/2026-09-30-synthesis.md,
A0613,execute,cdf_risk_neutral_architecture_comparison,2026-09-30T00:05:52+00:00,configs/run-predictive-cdf-risk-neutral.json,docs/memos/2026-09-29-risk-neutral-cdf-architecture-comparison.md,pipeline_runs/predictive_cdf_risk_neutral_20260929,15_candidates_7_groups_68084_eval_rows_option_transport_skill_2.751pct_guard_failed_keep_incumbent_136_tests_no_trading
A0614,execute,cdf_tail_constrained_quantile_blend,2026-09-30T16:14:41+00:00,configs/run-predictive-cdf-tail-blend.json,docs/memos/2026-09-30-tail-constrained-quantile-blend.md,pipeline_runs/predictive_cdf_tail_blend_20260930,three_candidates_complete_68084_eval_rows_fine_tail_skill_1.307pct_development_SPY_lower_guard_failed_keep_incumbent_Luna_C0_M0_no_trading
A0615,execute,cdf_guard_aware_selection,2026-09-30T18:13:42+00:00,configs/run-predictive-cdf-guard-aware.json,docs/memos/2026-09-30-guard-aware-cdf-selection.md,pipeline_runs/predictive_cdf_guard_aware_20260930,very_conservative_passed_all_six_development_guards_dev_skill_1.122pct_later_skill_0.816pct_intervals_positive_promote_offline_research_incumbent_no_trading
A0616,research,ADR-0201 center-only conditioned option transport,2026-09-30T18:57:23+00:00,"ADR-0200 immutable panel; entry-known option surface, index, requested horizon and lagged features",Phase A/B guarded refusals; Phase C frozen center-only transport; standard report and standalone memo,,Development +0.101% with identical six tail rates; reused 2019-2025 +0.0146% versus incumbent with intervals crossing zero. Offline research only.
A0617,research,ADR-0202 dynamic tail calibration and semiparametric GPD comparison,2026-09-30T21:26:14+00:00,ADR-0201 immutable exact-expiry panel; JSON Phase A-F protocols,Phase F selected center_gpd_05_prior25; memo and review evidence,,"68,084 reused later forecasts; +0.08045% equal-cell CRPS vs ADR-0201; 5% lower hits 7.956%; offline research only; all bounded stages under 4:03/3.63 GiB"
A0618,research,ADR-0203 point-in-time tail-data feature ablation,2026-09-30T20:17:18+00:00,"ADR-0201 incumbent; local OHLC, raw option chain and prior-date Cboe archives",Five-family development search; guarded refusal; standalone memo and review evidence,,VRP +0.270% development equal-cell CRPS versus incumbent but failed QQQ/SPY upper-tail guards; all candidates refused; later partitions unopened; IWM dividends remain null and strategy-ineligible; no trading
A0619,research,cdf-gpd-decision-region-screen,2026-09-30T23:07:54+00:00,configs/run-cdf-gpd-decision-regions-screen-r4.json,docs/memos/2026-09-30-gpd-decision-region-screen.md,,Fixed 60-entry development screen; date-only raw-grid diagnostic; no model or feature promotion.
A0620,execute,causal-decision-region-calibration-and-robust-condor,2026-09-30T23:55:00+00:00,configs/run-cdf-gpd-decision-regions-calibration.json; configs/run-cdf-causal-robust-condor-calibration.json,docs/memos/2026-09-30-causal-decision-region-calibration-and-robust-condor.md,pipeline_runs/cdf_gpd_decision_regions_calibration_r3_20260930; pipeline_runs/cdf_causal_robust_condor_calibration_r3_20260930,180_forecasts_41061_candidates_4_corrections_all_rejected_keep_GPD_correction_selection_excluded_from_rolling_radius_history_26_final_rows_3_trades_2_robust_no_trade_21_unsupported_mean_pnl_minus_0.139661_per_share_no_trading
A0621,research,decision-region-signal-synthesis,2026-09-30T23:59:00+00:00,Consolidated CDF evidence and signal-first investigation path,docs/memos/2026-09-30-decision-region-signal-synthesis.md,docs/memos/2026-09-30-decision-region-signal-synthesis.md,branches_consolidated_ADR0198_to_ADR0206_actual_wing_signal_weak_option_transport_signal_strong_but_tail_guard_failed_next_four_candidate_actual_wing_comparison
A0622,execute,actual-listed-wing-paired-audit,2026-09-30T23:59:30+00:00,configs/run-cdf-actual-wing-paired-audit.json; configs/run-cdf-actual-wing-paired-audit-r2.json; configs/run-cdf-actual-wing-paired-audit-r3.json,docs/memos/2026-09-30-actual-listed-wing-paired-audit.md,pipeline_runs/cdf_actual_wing_paired_audit_r3_20260930,r1_quadrature_refusal r2_serialization_refusal r3_complete forecasts=1992 dates=249 chain_rows=344932 candidate_rows=1761423 unique_wings=67073 option_transport_wing_skill=1.207pct interval_crosses_zero qqq=2.314pct spy=0.100pct no_model_promotion no_optimizer_tuning
A0623,execute,decision-region-loss-zoo,2026-09-30T23:59:45+00:00,configs/run-predictive-cdf-decision-loss-zoo.json through run-predictive-cdf-decision-loss-zoo-r5.json,docs/memos/2026-09-30-decision-region-loss-zoo-results.md,pipeline_runs/predictive_cdf_decision_loss_zoo_r5_20260930,six_models 32588_panel_rows 5917_eligible_later_forecasts 251_dates wide_mlp_local_skill=1.173pct intervals_cross_zero spy=2.396pct qqq=-4.376pct all_global_crps_worse no_promotion terra_C0_M0 runtime=4m22s rss=3.21GiB
A0624,execute,spy-decision-region-persistence,2026-10-01T00:56:00-04:00,configs/run-predictive-cdf-decision-loss-spy-persistence.json,docs/memos/2026-10-01-spy-decision-region-persistence.md,pipeline_runs/predictive_cdf_decision_loss_spy_persistence_20261001,frozen_raw_wide_mlp 23141_eligible 2020_2025 local_skill_positive_5_of_6_years 30d_lo=-0.223pct_fail 60d_lo=0.020pct_pass all_global_tail_coverage_guards_pass no_promotion runtime=4m20s rss=3.27GiB terra_C0_M0
A0625,execute,qqq-decision-strike-diagnosis,2026-10-01T05:17:00-04:00,configs/run-decision-strike-qqq-diagnosis.json,docs/memos/2026-10-01-qqq-decision-strike-diagnosis.md,pipeline_runs/decision_strike_qqq_diagnosis_20261001,frozen_raw_wide_mlp 1676_eligible 90795_thresholds 251_dates overall_skill=-4.376pct calls=-3.262pct puts=-7.373pct intervals_cross_zero downside_probability_overpredicted no_promotion no_optimizer runtime=12.6s rss=0.77GiB terra_C0_M0
A0626,research,stock-options/2026-10-01-source-and-starting-symbol,2026-10-01T07:47:40+00:00,Choose first stock-options baseline,docs/research/stock-options/2026-10-01-source-and-starting-symbol.md,docs/research/stock-options/2026-10-01-source-and-starting-symbol.md,
A0627,research,stock-options/2026-10-01-source-and-starting-symbol-r2,2026-10-01T12:29:07+00:00,Correct multiplier and target-window evidence,docs/research/stock-options/2026-10-01-source-and-starting-symbol.md,docs/research/stock-options/2026-10-01-source-and-starting-symbol.md,
A0628,research,stock-options/2026-10-01-source-and-starting-symbol-r3,2026-10-01T13:49:03+00:00,Correct contract-accounting and 44-DTE provenance,docs/research/stock-options/2026-10-01-source-and-starting-symbol.md,docs/research/stock-options/2026-10-01-source-and-starting-symbol.md,
A0629,research,stock-options/2026-10-01-source-and-starting-symbol-r4,2026-10-01T14:19:53+00:00,Separate stock forecast training from option action-set testing,docs/research/stock-options/2026-10-01-source-and-starting-symbol.md,docs/research/stock-options/2026-10-01-source-and-starting-symbol.md,
A0630,acquire,register-source cdf-horizon-panel,2026-10-01T17:04:31+00:00,--root ./pipeline_runs/cdf-horizon-source --source  --stream  --mode,4819f9ec1f8e45d2366b49605a92910fac0e5561b8c777e27ec5ca0e9fcb2043,./pipeline_runs/cdf-horizon-source,connector=localtables
A0631,acquire,backfill cdf-horizon-panel/input_panel,2026-10-01T17:05:20+00:00,--root ./pipeline_runs/cdf-horizon-source --source cdf-horizon-panel --stream input_panel --mode backfill,8815723bdfc9a93e925f82bcb7f027307888ace6b9770d37878c9f17cb4b82ec,./pipeline_runs/cdf-horizon-source,
A0632,execute,qqq-cdf-horizon-coverage,2026-10-01T17:05:52+00:00,qqq-cdf-horizon-coverage,/home/russell/dskit-torch-decision-cdf/children/index_options/pipeline_runs/qqq-cdf-horizon-coverage-2026-10-01-21153f83,/home/russell/dskit-torch-decision-cdf/children/index_options/pipeline_runs/qqq-cdf-horizon-coverage-2026-10-01-21153f83,state=ran hash=21153f83 asof=2026-10-01
